"C:/UE5/Unreal Projects/TheLostPirate/Content/City_of_Brass_Props/Textures/TrianglePattern_N.ubulk" 0
"C:/UE5/Unreal Projects/TheLostPirate/Content/City_of_Brass_Props/Textures/TrianglePattern_N.uasset" 1
"C:/UE5/Unreal Projects/TheLostPirate/Content/City_of_Brass_Props/Textures/TrianglePattern_N.uexp" 2
"C:/UE5/Unreal Projects/TheLostPirate/Content/City_of_Brass_Props/Textures/TrianglePattern_M.ubulk" 3
"C:/UE5/Unreal Projects/TheLostPirate/Content/City_of_Brass_Props/Textures/TrianglePattern_M.uasset" 4
"C:/UE5/Unreal Projects/TheLostPirate/Content/City_of_Brass_Props/Textures/TrianglePattern_M.uexp" 5
"C:/UE5/Unreal Projects/TheLostPirate/Content/City_of_Brass_Props/Materials/Textures/Flat_N.ubulk" 6
"C:/UE5/Unreal Projects/TheLostPirate/Content/City_of_Brass_Props/Materials/Textures/Flat_N.uasset" 7
"C:/UE5/Unreal Projects/TheLostPirate/Content/City_of_Brass_Props/Materials/Textures/Flat_N.uexp" 8
"C:/UE5/Unreal Projects/TheLostPirate/Content/City_of_Brass_Props/Textures/Stall01_M.ubulk" 9
"C:/UE5/Unreal Projects/TheLostPirate/Content/City_of_Brass_Props/Textures/Stall01_M.uasset" 10
"C:/UE5/Unreal Projects/TheLostPirate/Content/City_of_Brass_Props/Textures/Stall01_M.uexp" 11
"C:/UE5/Unreal Projects/TheLostPirate/Content/City_of_Brass_Props/Textures/Details-Platform.ubulk" 12
"C:/UE5/Unreal Projects/TheLostPirate/Content/City_of_Brass_Props/Textures/Details-Platform.uasset" 13
"C:/UE5/Unreal Projects/TheLostPirate/Content/City_of_Brass_Props/Textures/Details-Platform.uexp" 14
"C:/UE5/Unreal Projects/TheLostPirate/Content/City_of_Brass_Props/Materials/Enviro_Substance_Alpha_Material.uasset" 15
"C:/UE5/Unreal Projects/TheLostPirate/Content/City_of_Brass_Props/Materials/Enviro_Substance_Alpha_Material.uexp" 16
"C:/UE5/Unreal Projects/TheLostPirate/Content/City_of_Brass_Props/Textures/TrianglePattern_LOWCompleteMap.ubulk" 17
"C:/UE5/Unreal Projects/TheLostPirate/Content/City_of_Brass_Props/Textures/TrianglePattern_LOWCompleteMap.uasset" 18
"C:/UE5/Unreal Projects/TheLostPirate/Content/City_of_Brass_Props/Textures/TrianglePattern_LOWCompleteMap.uexp" 19
"C:/UE5/Unreal Projects/TheLostPirate/Content/City_of_Brass_Props/Materials/Instances/TrianglePattern_Inst.uasset" 20
"C:/UE5/Unreal Projects/TheLostPirate/Content/City_of_Brass_Props/Materials/Instances/TrianglePattern_Inst.uexp" 21
"C:/UE5/Unreal Projects/TheLostPirate/Content/City_of_Brass_Props/Textures/Stall01_D.ubulk" 22
"C:/UE5/Unreal Projects/TheLostPirate/Content/City_of_Brass_Props/Textures/Stall01_D.uasset" 23
"C:/UE5/Unreal Projects/TheLostPirate/Content/City_of_Brass_Props/Textures/Stall01_D.uexp" 24
"C:/UE5/Unreal Projects/TheLostPirate/Content/City_of_Brass_Props/Textures/Stall01_N.ubulk" 25
"C:/UE5/Unreal Projects/TheLostPirate/Content/City_of_Brass_Props/Textures/Stall01_N.uasset" 26
"C:/UE5/Unreal Projects/TheLostPirate/Content/City_of_Brass_Props/Textures/Stall01_N.uexp" 27
"C:/UE5/Unreal Projects/TheLostPirate/Content/City_of_Brass_Props/Materials/Enviro_Substance_Material.uasset" 28
"C:/UE5/Unreal Projects/TheLostPirate/Content/City_of_Brass_Props/Materials/Enviro_Substance_Material.uexp" 29
"C:/UE5/Unreal Projects/TheLostPirate/Content/City_of_Brass_Props/Textures/Catacomb_Brazier_D.ubulk" 30
"C:/UE5/Unreal Projects/TheLostPirate/Content/City_of_Brass_Props/Textures/Catacomb_Brazier_D.uasset" 31
"C:/UE5/Unreal Projects/TheLostPirate/Content/City_of_Brass_Props/Textures/Catacomb_Brazier_D.uexp" 32
"C:/UE5/Unreal Projects/TheLostPirate/Content/City_of_Brass_Props/Textures/Catacomb_Brazier_N.ubulk" 33
"C:/UE5/Unreal Projects/TheLostPirate/Content/City_of_Brass_Props/Textures/Catacomb_Brazier_N.uasset" 34
"C:/UE5/Unreal Projects/TheLostPirate/Content/City_of_Brass_Props/Textures/Catacomb_Brazier_N.uexp" 35
"C:/UE5/Unreal Projects/TheLostPirate/Content/City_of_Brass_Props/Textures/Catacomb_Brazier_M.ubulk" 36
"C:/UE5/Unreal Projects/TheLostPirate/Content/City_of_Brass_Props/Textures/Catacomb_Brazier_M.uasset" 37
"C:/UE5/Unreal Projects/TheLostPirate/Content/City_of_Brass_Props/Textures/Catacomb_Brazier_M.uexp" 38
"C:/UE5/Unreal Projects/TheLostPirate/Content/City_of_Brass_Props/Materials/Instances/CatacombBrazier_Inst.uasset" 39
"C:/UE5/Unreal Projects/TheLostPirate/Content/City_of_Brass_Props/Materials/Instances/CatacombBrazier_Inst.uexp" 40
"C:/UE5/Unreal Projects/TheLostPirate/Content/City_of_Brass_Props/Meshes/Catacomb_Brazier01.ubulk" 41
"C:/UE5/Unreal Projects/TheLostPirate/Content/City_of_Brass_Props/Meshes/Catacomb_Brazier01.uasset" 42
"C:/UE5/Unreal Projects/TheLostPirate/Content/City_of_Brass_Props/Meshes/Catacomb_Brazier01.uexp" 43
"C:/UE5/Unreal Projects/TheLostPirate/Content/City_of_Brass_Props/Textures/Candle_N.ubulk" 44
"C:/UE5/Unreal Projects/TheLostPirate/Content/City_of_Brass_Props/Textures/Candle_N.uasset" 45
"C:/UE5/Unreal Projects/TheLostPirate/Content/City_of_Brass_Props/Textures/Candle_N.uexp" 46
"C:/UE5/Unreal Projects/TheLostPirate/Content/City_of_Brass_Props/Textures/Candle_D.ubulk" 47
"C:/UE5/Unreal Projects/TheLostPirate/Content/City_of_Brass_Props/Textures/Candle_D.uasset" 48
"C:/UE5/Unreal Projects/TheLostPirate/Content/City_of_Brass_Props/Textures/Candle_D.uexp" 49
"C:/UE5/Unreal Projects/TheLostPirate/Content/City_of_Brass_Props/Materials/Enviro_Substance_PaintGlow_Material.uasset" 50
"C:/UE5/Unreal Projects/TheLostPirate/Content/City_of_Brass_Props/Materials/Enviro_Substance_PaintGlow_Material.uexp" 51
"C:/UE5/Unreal Projects/TheLostPirate/Content/City_of_Brass_Props/Materials/Instances/Candles_Inst.uasset" 52
"C:/UE5/Unreal Projects/TheLostPirate/Content/City_of_Brass_Props/Materials/Instances/Candles_Inst.uexp" 53
"C:/UE5/Unreal Projects/TheLostPirate/Content/City_of_Brass_Props/Meshes/Candles01.ubulk" 54
"C:/UE5/Unreal Projects/TheLostPirate/Content/City_of_Brass_Props/Meshes/Candles01.uasset" 55
"C:/UE5/Unreal Projects/TheLostPirate/Content/City_of_Brass_Props/Meshes/Candles01.uexp" 56
"C:/UE5/Unreal Projects/TheLostPirate/Content/AdvancedLocomotionV4/Audio/Footsteps/Concrete_Walk_04.ubulk" 57
"C:/UE5/Unreal Projects/TheLostPirate/Content/AdvancedLocomotionV4/Audio/Footsteps/Concrete_Walk_04.uasset" 58
"C:/UE5/Unreal Projects/TheLostPirate/Content/AdvancedLocomotionV4/Audio/Footsteps/Concrete_Walk_04.uexp" 59
"C:/UE5/Unreal Projects/TheLostPirate/Content/AdvancedLocomotionV4/Audio/Footsteps/Concrete_Walk_03.ubulk" 60
"C:/UE5/Unreal Projects/TheLostPirate/Content/AdvancedLocomotionV4/Audio/Footsteps/Concrete_Walk_03.uasset" 61
"C:/UE5/Unreal Projects/TheLostPirate/Content/AdvancedLocomotionV4/Audio/Footsteps/Concrete_Walk_03.uexp" 62
"C:/UE5/Unreal Projects/TheLostPirate/Content/AdvancedLocomotionV4/Audio/Footsteps/Concrete_Walk_02.ubulk" 63
"C:/UE5/Unreal Projects/TheLostPirate/Content/AdvancedLocomotionV4/Audio/Footsteps/Concrete_Walk_02.uasset" 64
"C:/UE5/Unreal Projects/TheLostPirate/Content/AdvancedLocomotionV4/Audio/Footsteps/Concrete_Walk_02.uexp" 65
"C:/UE5/Unreal Projects/TheLostPirate/Content/AdvancedLocomotionV4/Audio/Footsteps/Concrete_Walk_01.ubulk" 66
"C:/UE5/Unreal Projects/TheLostPirate/Content/AdvancedLocomotionV4/Audio/Footsteps/Concrete_Walk_01.uasset" 67
"C:/UE5/Unreal Projects/TheLostPirate/Content/AdvancedLocomotionV4/Audio/Footsteps/Concrete_Walk_01.uexp" 68
"C:/UE5/Unreal Projects/TheLostPirate/Content/AdvancedLocomotionV4/Audio/Footsteps/Concrete_Step_03.ubulk" 69
"C:/UE5/Unreal Projects/TheLostPirate/Content/AdvancedLocomotionV4/Audio/Footsteps/Concrete_Step_03.uasset" 70
"C:/UE5/Unreal Projects/TheLostPirate/Content/AdvancedLocomotionV4/Audio/Footsteps/Concrete_Step_03.uexp" 71
"C:/UE5/Unreal Projects/TheLostPirate/Content/AdvancedLocomotionV4/Audio/Footsteps/Concrete_Step_02.ubulk" 72
"C:/UE5/Unreal Projects/TheLostPirate/Content/AdvancedLocomotionV4/Audio/Footsteps/Concrete_Step_02.uasset" 73
"C:/UE5/Unreal Projects/TheLostPirate/Content/AdvancedLocomotionV4/Audio/Footsteps/Concrete_Step_02.uexp" 74
"C:/UE5/Unreal Projects/TheLostPirate/Content/AdvancedLocomotionV4/Audio/Footsteps/Concrete_Step_01.ubulk" 75
"C:/UE5/Unreal Projects/TheLostPirate/Content/AdvancedLocomotionV4/Audio/Footsteps/Concrete_Step_01.uasset" 76
"C:/UE5/Unreal Projects/TheLostPirate/Content/AdvancedLocomotionV4/Audio/Footsteps/Concrete_Step_01.uexp" 77
"C:/UE5/Unreal Projects/TheLostPirate/Content/AdvancedLocomotionV4/Audio/Footsteps/Concrete_Pivot_02.ubulk" 78
"C:/UE5/Unreal Projects/TheLostPirate/Content/AdvancedLocomotionV4/Audio/Footsteps/Concrete_Pivot_02.uasset" 79
"C:/UE5/Unreal Projects/TheLostPirate/Content/AdvancedLocomotionV4/Audio/Footsteps/Concrete_Pivot_02.uexp" 80
"C:/UE5/Unreal Projects/TheLostPirate/Content/AdvancedLocomotionV4/Audio/Footsteps/Concrete_Pivot_01.ubulk" 81
"C:/UE5/Unreal Projects/TheLostPirate/Content/AdvancedLocomotionV4/Audio/Footsteps/Concrete_Pivot_01.uasset" 82
"C:/UE5/Unreal Projects/TheLostPirate/Content/AdvancedLocomotionV4/Audio/Footsteps/Concrete_Pivot_01.uexp" 83
"../../../Engine/Content/EngineMaterials/DefaultDiffuse.ubulk" 84
"../../../Engine/Content/EngineMaterials/DefaultDiffuse.uasset" 85
"../../../Engine/Content/EngineMaterials/DefaultDiffuse.uexp" 86
"../../../Engine/Content/Functions/Engine_MaterialFunctions03/Blends/Lerp_ScratchGrime.uasset" 87
"../../../Engine/Content/Functions/Engine_MaterialFunctions03/Blends/Lerp_ScratchGrime.uexp" 88
"../../../Engine/Content/EngineMaterials/DefaultNormal.ubulk" 89
"../../../Engine/Content/EngineMaterials/DefaultNormal.uasset" 90
"../../../Engine/Content/EngineMaterials/DefaultNormal.uexp" 91
"C:/UE5/Unreal Projects/TheLostPirate/Content/ParagonGideon/Characters/Global/MaterialLayers/T_TestML_Mask.ubulk" 92
"C:/UE5/Unreal Projects/TheLostPirate/Content/ParagonGideon/Characters/Global/MaterialLayers/T_TestML_Mask.uasset" 93
"C:/UE5/Unreal Projects/TheLostPirate/Content/ParagonGideon/Characters/Global/MaterialLayers/T_TestML_Mask.uexp" 94
"C:/UE5/Unreal Projects/TheLostPirate/Content/ParagonGideon/Characters/Global/MaterialLayers/ML__Blank.uasset" 95
"C:/UE5/Unreal Projects/TheLostPirate/Content/ParagonGideon/Characters/Global/MaterialLayers/ML__Blank.uexp" 96
"../../../Engine/Content/Functions/MaterialLayerFunctions/MatLayerBlend_Tint.uasset" 97
"../../../Engine/Content/Functions/MaterialLayerFunctions/MatLayerBlend_Tint.uexp" 98
"../../../Engine/Content/Functions/Engine_MaterialFunctions02/Utility/BlendAngleCorrectedNormals.uasset" 99
"../../../Engine/Content/Functions/Engine_MaterialFunctions02/Utility/BlendAngleCorrectedNormals.uexp" 100
"../../../Engine/Content/Functions/Engine_MaterialFunctions01/Shading/MetallicShading.uasset" 101
"../../../Engine/Content/Functions/Engine_MaterialFunctions01/Shading/MetallicShading.uexp" 102
"../../../Engine/Content/Functions/MaterialLayerFunctions/MatLayerBlend_Emissive.uasset" 103
"../../../Engine/Content/Functions/MaterialLayerFunctions/MatLayerBlend_Emissive.uexp" 104
"../../../Engine/Content/Functions/MaterialLayerFunctions/MatLayerBlend_Standard.uasset" 105
"../../../Engine/Content/Functions/MaterialLayerFunctions/MatLayerBlend_Standard.uexp" 106
"C:/UE5/Unreal Projects/TheLostPirate/Content/ParagonGideon/Characters/Global/MaterialLayers/Rubber/T_Blank_N.uasset" 107
"C:/UE5/Unreal Projects/TheLostPirate/Content/ParagonGideon/Characters/Global/MaterialLayers/Rubber/T_Blank_N.uexp" 108
"../../../Engine/Content/Functions/MaterialLayerFunctions/MatLayerBlend_OverrideBaseColor.uasset" 109
"../../../Engine/Content/Functions/MaterialLayerFunctions/MatLayerBlend_OverrideBaseColor.uexp" 110
"../../../Engine/Content/Functions/MaterialLayerFunctions/MatLayerBlend_BreakBaseColor.uasset" 111
"../../../Engine/Content/Functions/MaterialLayerFunctions/MatLayerBlend_BreakBaseColor.uexp" 112
"C:/UE5/Unreal Projects/TheLostPirate/Content/ParagonGideon/Characters/Global/MaterialFunctions/MaterialLayerConstructors/MLC_Standard.uasset" 113
"C:/UE5/Unreal Projects/TheLostPirate/Content/ParagonGideon/Characters/Global/MaterialFunctions/MaterialLayerConstructors/MLC_Standard.uexp" 114
"C:/UE5/Unreal Projects/TheLostPirate/Content/ParagonGideon/Characters/Global/MaterialLayers/Metal/T_Blue_Metal02.ubulk" 115
"C:/UE5/Unreal Projects/TheLostPirate/Content/ParagonGideon/Characters/Global/MaterialLayers/Metal/T_Blue_Metal02.uasset" 116
"C:/UE5/Unreal Projects/TheLostPirate/Content/ParagonGideon/Characters/Global/MaterialLayers/Metal/T_Blue_Metal02.uexp" 117
"C:/UE5/Unreal Projects/TheLostPirate/Content/ParagonGideon/Characters/Global/MaterialFunctions/MaterialLayerConstructors/MLC_ScratchAndGrime.uasset" 118
"C:/UE5/Unreal Projects/TheLostPirate/Content/ParagonGideon/Characters/Global/MaterialFunctions/MaterialLayerConstructors/MLC_ScratchAndGrime.uexp" 119
"C:/UE5/Unreal Projects/TheLostPirate/Content/ParagonGideon/Characters/Global/MaterialLayers/Metal/ML_blue_Metal.uasset" 120
"C:/UE5/Unreal Projects/TheLostPirate/Content/ParagonGideon/Characters/Global/MaterialLayers/Metal/ML_blue_Metal.uexp" 121
"C:/UE5/Unreal Projects/TheLostPirate/Content/ParagonGideon/Characters/Global/MaterialFunctions/ParameterCollections/OrionGlobalGameplayCollection.uasset" 122
"C:/UE5/Unreal Projects/TheLostPirate/Content/ParagonGideon/Characters/Global/MaterialFunctions/ParameterCollections/OrionGlobalGameplayCollection.uexp" 123
"../../../Engine/Content/Functions/Engine_MaterialFunctions02/Utility/BreakOutFloat3Components.uasset" 124
"../../../Engine/Content/Functions/Engine_MaterialFunctions02/Utility/BreakOutFloat3Components.uexp" 125
"C:/UE5/Unreal Projects/TheLostPirate/Content/ParagonGideon/Characters/Global/MaterialFunctions/MF_OrionRimlight.uasset" 126
"C:/UE5/Unreal Projects/TheLostPirate/Content/ParagonGideon/Characters/Global/MaterialFunctions/MF_OrionRimlight.uexp" 127
"C:/UE5/Unreal Projects/TheLostPirate/Content/ParagonGideon/Characters/Global/MaterialFunctions/MaterialLayerConstructors/MF_RoughnessAdjustment.uasset" 128
"C:/UE5/Unreal Projects/TheLostPirate/Content/ParagonGideon/Characters/Global/MaterialFunctions/MaterialLayerConstructors/MF_RoughnessAdjustment.uexp" 129
"C:/UE5/Unreal Projects/TheLostPirate/Content/ParagonGideon/Characters/Global/MaterialFunctions/MaterialLayerConstructors/MF_BaseColorTintAndContrast.uasset" 130
"C:/UE5/Unreal Projects/TheLostPirate/Content/ParagonGideon/Characters/Global/MaterialFunctions/MaterialLayerConstructors/MF_BaseColorTintAndContrast.uexp" 131
"C:/UE5/Unreal Projects/TheLostPirate/Content/ParagonGideon/Characters/Heroes/Gideon/Materials/ML_LightGold.uasset" 132
"C:/UE5/Unreal Projects/TheLostPirate/Content/ParagonGideon/Characters/Heroes/Gideon/Materials/ML_LightGold.uexp" 133
"C:/UE5/Unreal Projects/TheLostPirate/Content/ParagonGideon/Characters/Heroes/Gideon/Textures/T_Gideon_OuterRing_Mask.ubulk" 134
"C:/UE5/Unreal Projects/TheLostPirate/Content/ParagonGideon/Characters/Heroes/Gideon/Textures/T_Gideon_OuterRing_Mask.uasset" 135
"C:/UE5/Unreal Projects/TheLostPirate/Content/ParagonGideon/Characters/Heroes/Gideon/Textures/T_Gideon_OuterRing_Mask.uexp" 136
"C:/UE5/Unreal Projects/TheLostPirate/Content/ParagonGideon/Characters/Global/MaterialFunctions/Textures/Noise/T_AtmosphericCloudNoise01.ubulk" 137
"C:/UE5/Unreal Projects/TheLostPirate/Content/ParagonGideon/Characters/Global/MaterialFunctions/Textures/Noise/T_AtmosphericCloudNoise01.uasset" 138
"C:/UE5/Unreal Projects/TheLostPirate/Content/ParagonGideon/Characters/Global/MaterialFunctions/Textures/Noise/T_AtmosphericCloudNoise01.uexp" 139
"C:/UE5/Unreal Projects/TheLostPirate/Content/ParagonGideon/Characters/Global/MaterialFunctions/Textures/Noise/T_AtmosphericCloudNoise01_N.ubulk" 140
"C:/UE5/Unreal Projects/TheLostPirate/Content/ParagonGideon/Characters/Global/MaterialFunctions/Textures/Noise/T_AtmosphericCloudNoise01_N.uasset" 141
"C:/UE5/Unreal Projects/TheLostPirate/Content/ParagonGideon/Characters/Global/MaterialFunctions/Textures/Noise/T_AtmosphericCloudNoise01_N.uexp" 142
"../../../Engine/Content/EngineMaterials/Good64x64TilingNoiseHighFreq.uasset" 143
"../../../Engine/Content/EngineMaterials/Good64x64TilingNoiseHighFreq.uexp" 144
"../../../Engine/Content/Functions/Engine_MaterialFunctions02/Texturing/ScreenAlignedPixelToPixelUVs.uasset" 145
"../../../Engine/Content/Functions/Engine_MaterialFunctions02/Texturing/ScreenAlignedPixelToPixelUVs.uexp" 146
"../../../Engine/Content/Functions/Engine_MaterialFunctions02/Utility/DitherTemporalAA.uasset" 147
"../../../Engine/Content/Functions/Engine_MaterialFunctions02/Utility/DitherTemporalAA.uexp" 148
"../../../Engine/Content/Functions/Engine_MaterialFunctions01/Gradient/LinearGradient.uasset" 149
"../../../Engine/Content/Functions/Engine_MaterialFunctions01/Gradient/LinearGradient.uexp" 150
"../../../Engine/Content/Functions/Engine_MaterialFunctions01/ImageAdjustment/CheapContrast.uasset" 151
"../../../Engine/Content/Functions/Engine_MaterialFunctions01/ImageAdjustment/CheapContrast.uexp" 152
"../../../Engine/Content/Functions/Engine_MaterialFunctions01/Texturing/WorldAlignedTexture.uasset" 153
"../../../Engine/Content/Functions/Engine_MaterialFunctions01/Texturing/WorldAlignedTexture.uexp" 154
"C:/UE5/Unreal Projects/TheLostPirate/Content/ParagonGideon/Characters/Global/MaterialFunctions/Textures/Noise/T_AtmosphericCloudNoise03.ubulk" 155
"C:/UE5/Unreal Projects/TheLostPirate/Content/ParagonGideon/Characters/Global/MaterialFunctions/Textures/Noise/T_AtmosphericCloudNoise03.uasset" 156
"C:/UE5/Unreal Projects/TheLostPirate/Content/ParagonGideon/Characters/Global/MaterialFunctions/Textures/Noise/T_AtmosphericCloudNoise03.uexp" 157
"C:/UE5/Unreal Projects/TheLostPirate/Content/ParagonGideon/Characters/Global/MaterialFunctions/MF_DeathFade.uasset" 158
"C:/UE5/Unreal Projects/TheLostPirate/Content/ParagonGideon/Characters/Global/MaterialFunctions/MF_DeathFade.uexp" 159
"C:/UE5/Unreal Projects/TheLostPirate/Content/ParagonGideon/Characters/Global/MaterialLayers/Metal/T_Blank_N.ubulk" 160
"C:/UE5/Unreal Projects/TheLostPirate/Content/ParagonGideon/Characters/Global/MaterialLayers/Metal/T_Blank_N.uasset" 161
"C:/UE5/Unreal Projects/TheLostPirate/Content/ParagonGideon/Characters/Global/MaterialLayers/Metal/T_Blank_N.uexp" 162
"C:/UE5/Unreal Projects/TheLostPirate/Content/ParagonGideon/Characters/Global/MaterialLayers/Metal/T_ML_Gold_Metal01.ubulk" 163
"C:/UE5/Unreal Projects/TheLostPirate/Content/ParagonGideon/Characters/Global/MaterialLayers/Metal/T_ML_Gold_Metal01.uasset" 164
"C:/UE5/Unreal Projects/TheLostPirate/Content/ParagonGideon/Characters/Global/MaterialLayers/Metal/T_ML_Gold_Metal01.uexp" 165
"C:/UE5/Unreal Projects/TheLostPirate/Content/ParagonGideon/Characters/Global/MaterialLayers/Metal/ML_Gold_Metal02.uasset" 166
"C:/UE5/Unreal Projects/TheLostPirate/Content/ParagonGideon/Characters/Global/MaterialLayers/Metal/ML_Gold_Metal02.uexp" 167
"../../../Engine/Content/Functions/MaterialLayerFunctions/MatLayerBlend_BakedNormal.uasset" 168
"../../../Engine/Content/Functions/MaterialLayerFunctions/MatLayerBlend_BakedNormal.uexp" 169
"../../../Engine/Content/Functions/MaterialLayerFunctions/MatLayerBlend_TenLayerBlend.uasset" 170
"../../../Engine/Content/Functions/MaterialLayerFunctions/MatLayerBlend_TenLayerBlend.uexp" 171
"C:/UE5/Unreal Projects/TheLostPirate/Content/ParagonGideon/Characters/Heroes/Gideon/Textures/T_Gideon_OuterRing_Normals.ubulk" 172
"C:/UE5/Unreal Projects/TheLostPirate/Content/ParagonGideon/Characters/Heroes/Gideon/Textures/T_Gideon_OuterRing_Normals.uasset" 173
"C:/UE5/Unreal Projects/TheLostPirate/Content/ParagonGideon/Characters/Heroes/Gideon/Textures/T_Gideon_OuterRing_Normals.uexp" 174
"C:/UE5/Unreal Projects/TheLostPirate/Content/ParagonGideon/Characters/Heroes/Gideon/Textures/T_Gideon_OuterRing_RGB.ubulk" 175
"C:/UE5/Unreal Projects/TheLostPirate/Content/ParagonGideon/Characters/Heroes/Gideon/Textures/T_Gideon_OuterRing_RGB.uasset" 176
"C:/UE5/Unreal Projects/TheLostPirate/Content/ParagonGideon/Characters/Heroes/Gideon/Textures/T_Gideon_OuterRing_RGB.uexp" 177
"C:/UE5/Unreal Projects/TheLostPirate/Content/ParagonGideon/Characters/Global/MaterialFunctions/MF_BrightnessAdjust.uasset" 178
"C:/UE5/Unreal Projects/TheLostPirate/Content/ParagonGideon/Characters/Global/MaterialFunctions/MF_BrightnessAdjust.uexp" 179
"C:/UE5/Unreal Projects/TheLostPirate/Content/ParagonGideon/Characters/Global/MaterialFunctions/MF_HitFlash.uasset" 180
"C:/UE5/Unreal Projects/TheLostPirate/Content/ParagonGideon/Characters/Global/MaterialFunctions/MF_HitFlash.uexp" 181
"C:/UE5/Unreal Projects/TheLostPirate/Content/ParagonGideon/Characters/Global/MaterialLayers/Metal/T_RoughMetal01_N.ubulk" 182
"C:/UE5/Unreal Projects/TheLostPirate/Content/ParagonGideon/Characters/Global/MaterialLayers/Metal/T_RoughMetal01_N.uasset" 183
"C:/UE5/Unreal Projects/TheLostPirate/Content/ParagonGideon/Characters/Global/MaterialLayers/Metal/T_RoughMetal01_N.uexp" 184
"C:/UE5/Unreal Projects/TheLostPirate/Content/ParagonGideon/Characters/Global/MaterialLayers/Metal/T_RoughMetal01.ubulk" 185
"C:/UE5/Unreal Projects/TheLostPirate/Content/ParagonGideon/Characters/Global/MaterialLayers/Metal/T_RoughMetal01.uasset" 186
"C:/UE5/Unreal Projects/TheLostPirate/Content/ParagonGideon/Characters/Global/MaterialLayers/Metal/T_RoughMetal01.uexp" 187
"C:/UE5/Unreal Projects/TheLostPirate/Content/ParagonGideon/Characters/Global/MaterialLayers/Metal/ML_Steel.uasset" 188
"C:/UE5/Unreal Projects/TheLostPirate/Content/ParagonGideon/Characters/Global/MaterialLayers/Metal/ML_Steel.uexp" 189
"C:/UE5/Unreal Projects/TheLostPirate/Content/ParagonGideon/Characters/Global/MaterialFunctions/MF_CharacterEffects.uasset" 190
"C:/UE5/Unreal Projects/TheLostPirate/Content/ParagonGideon/Characters/Global/MaterialFunctions/MF_CharacterEffects.uexp" 191
"C:/UE5/Unreal Projects/TheLostPirate/Content/ParagonGideon/Characters/Heroes/Gideon/Textures/T_Inky_Smoke_Tile.ubulk" 192
"C:/UE5/Unreal Projects/TheLostPirate/Content/ParagonGideon/Characters/Heroes/Gideon/Textures/T_Inky_Smoke_Tile.uasset" 193
"C:/UE5/Unreal Projects/TheLostPirate/Content/ParagonGideon/Characters/Heroes/Gideon/Textures/T_Inky_Smoke_Tile.uexp" 194
"C:/UE5/Unreal Projects/TheLostPirate/Content/ParagonGideon/Characters/Heroes/Gideon/Materials/MF_Gideon_RingDissolve.uasset" 195
"C:/UE5/Unreal Projects/TheLostPirate/Content/ParagonGideon/Characters/Heroes/Gideon/Materials/MF_Gideon_RingDissolve.uexp" 196
"C:/UE5/Unreal Projects/TheLostPirate/Content/ParagonGideon/Characters/Global/MaterialLayers/Painted/T_ML_PaintedConstructionMetal_N.ubulk" 197
"C:/UE5/Unreal Projects/TheLostPirate/Content/ParagonGideon/Characters/Global/MaterialLayers/Painted/T_ML_PaintedConstructionMetal_N.uasset" 198
"C:/UE5/Unreal Projects/TheLostPirate/Content/ParagonGideon/Characters/Global/MaterialLayers/Painted/T_ML_PaintedConstructionMetal_N.uexp" 199
"C:/UE5/Unreal Projects/TheLostPirate/Content/ParagonGideon/Characters/Global/MaterialLayers/Painted/T_Cream_Painted_Metal_N.ubulk" 200
"C:/UE5/Unreal Projects/TheLostPirate/Content/ParagonGideon/Characters/Global/MaterialLayers/Painted/T_Cream_Painted_Metal_N.uasset" 201
"C:/UE5/Unreal Projects/TheLostPirate/Content/ParagonGideon/Characters/Global/MaterialLayers/Painted/T_Cream_Painted_Metal_N.uexp" 202
"C:/UE5/Unreal Projects/TheLostPirate/Content/ParagonGideon/Characters/Global/MaterialLayers/Painted/T_Cream_Paint_D.ubulk" 203
"C:/UE5/Unreal Projects/TheLostPirate/Content/ParagonGideon/Characters/Global/MaterialLayers/Painted/T_Cream_Paint_D.uasset" 204
"C:/UE5/Unreal Projects/TheLostPirate/Content/ParagonGideon/Characters/Global/MaterialLayers/Painted/T_Cream_Paint_D.uexp" 205
"C:/UE5/Unreal Projects/TheLostPirate/Content/ParagonGideon/Characters/Global/MaterialLayers/Painted/ML_Painted_Blue.uasset" 206
"C:/UE5/Unreal Projects/TheLostPirate/Content/ParagonGideon/Characters/Global/MaterialLayers/Painted/ML_Painted_Blue.uexp" 207
"C:/UE5/Unreal Projects/TheLostPirate/Content/ParagonGideon/Characters/Heroes/Gideon/Materials/M_Gideon_OuterRing_Particle.uasset" 208
"C:/UE5/Unreal Projects/TheLostPirate/Content/ParagonGideon/Characters/Heroes/Gideon/Materials/M_Gideon_OuterRing_Particle.uexp" 209
"C:/UE5/Unreal Projects/TheLostPirate/Content/ParagonGideon/Characters/Heroes/Gideon/Meshes/SM_Gideon_Ring_Outer.ubulk" 210
"C:/UE5/Unreal Projects/TheLostPirate/Content/ParagonGideon/Characters/Heroes/Gideon/Meshes/SM_Gideon_Ring_Outer.uasset" 211
"C:/UE5/Unreal Projects/TheLostPirate/Content/ParagonGideon/Characters/Heroes/Gideon/Meshes/SM_Gideon_Ring_Outer.uexp" 212
"C:/UE5/Unreal Projects/TheLostPirate/Content/ParagonGideon/Characters/Global/Eyelash/T_Universal_Eyelashes_D.ubulk" 213
"C:/UE5/Unreal Projects/TheLostPirate/Content/ParagonGideon/Characters/Global/Eyelash/T_Universal_Eyelashes_D.uasset" 214
"C:/UE5/Unreal Projects/TheLostPirate/Content/ParagonGideon/Characters/Global/Eyelash/T_Universal_Eyelashes_D.uexp" 215
"C:/UE5/Unreal Projects/TheLostPirate/Content/ParagonGideon/Characters/Global/Eyelash/M_EyelashMaster.uasset" 216
"C:/UE5/Unreal Projects/TheLostPirate/Content/ParagonGideon/Characters/Global/Eyelash/M_EyelashMaster.uexp" 217
"../../../Engine/Content/Functions/Engine_MaterialFunctions01/Texturing/FlattenNormal.uasset" 218
"../../../Engine/Content/Functions/Engine_MaterialFunctions01/Texturing/FlattenNormal.uexp" 219
"C:/UE5/Unreal Projects/TheLostPirate/Content/ParagonGideon/Characters/Heroes/Gideon/Textures/T_Gideon_Upperbody_Mask.ubulk" 220
"C:/UE5/Unreal Projects/TheLostPirate/Content/ParagonGideon/Characters/Heroes/Gideon/Textures/T_Gideon_Upperbody_Mask.uasset" 221
"C:/UE5/Unreal Projects/TheLostPirate/Content/ParagonGideon/Characters/Heroes/Gideon/Textures/T_Gideon_Upperbody_Mask.uexp" 222
"C:/UE5/Unreal Projects/TheLostPirate/Content/ParagonGideon/Characters/Heroes/Gideon/Textures/T_Gideon_Upperbody_Mask_2.ubulk" 223
"C:/UE5/Unreal Projects/TheLostPirate/Content/ParagonGideon/Characters/Heroes/Gideon/Textures/T_Gideon_Upperbody_Mask_2.uasset" 224
"C:/UE5/Unreal Projects/TheLostPirate/Content/ParagonGideon/Characters/Heroes/Gideon/Textures/T_Gideon_Upperbody_Mask_2.uexp" 225
"C:/UE5/Unreal Projects/TheLostPirate/Content/ParagonGideon/Characters/Heroes/Gideon/Textures/T_Gideon_Upperbody_RGB.ubulk" 226
"C:/UE5/Unreal Projects/TheLostPirate/Content/ParagonGideon/Characters/Heroes/Gideon/Textures/T_Gideon_Upperbody_RGB.uasset" 227
"C:/UE5/Unreal Projects/TheLostPirate/Content/ParagonGideon/Characters/Heroes/Gideon/Textures/T_Gideon_Upperbody_RGB.uexp" 228
"C:/UE5/Unreal Projects/TheLostPirate/Content/ParagonGideon/Characters/Global/MaterialLayers/Skin/T_Pore_Normals2.ubulk" 229
"C:/UE5/Unreal Projects/TheLostPirate/Content/ParagonGideon/Characters/Global/MaterialLayers/Skin/T_Pore_Normals2.uasset" 230
"C:/UE5/Unreal Projects/TheLostPirate/Content/ParagonGideon/Characters/Global/MaterialLayers/Skin/T_Pore_Normals2.uexp" 231
"C:/UE5/Unreal Projects/TheLostPirate/Content/ParagonGideon/Characters/Global/MaterialLayers/Skin/T_Pore_Specular.ubulk" 232
"C:/UE5/Unreal Projects/TheLostPirate/Content/ParagonGideon/Characters/Global/MaterialLayers/Skin/T_Pore_Specular.uasset" 233
"C:/UE5/Unreal Projects/TheLostPirate/Content/ParagonGideon/Characters/Global/MaterialLayers/Skin/T_Pore_Specular.uexp" 234
"C:/UE5/Unreal Projects/TheLostPirate/Content/ParagonGideon/Characters/Global/MaterialFunctions/MF_SkinPores.uasset" 235
"C:/UE5/Unreal Projects/TheLostPirate/Content/ParagonGideon/Characters/Global/MaterialFunctions/MF_SkinPores.uexp" 236
"C:/UE5/Unreal Projects/TheLostPirate/Content/ParagonGideon/Characters/Global/MaterialLayers/Skin/ML_Skin.uasset" 237
"C:/UE5/Unreal Projects/TheLostPirate/Content/ParagonGideon/Characters/Global/MaterialLayers/Skin/ML_Skin.uexp" 238
"../../../Engine/Content/EngineResources/WhiteSquareTexture.uasset" 239
"../../../Engine/Content/EngineResources/WhiteSquareTexture.uexp" 240
"C:/UE5/Unreal Projects/TheLostPirate/Content/ParagonGideon/Characters/Global/T_Black_Linear.uasset" 241
"C:/UE5/Unreal Projects/TheLostPirate/Content/ParagonGideon/Characters/Global/T_Black_Linear.uexp" 242
"C:/UE5/Unreal Projects/TheLostPirate/Content/ParagonGideon/Characters/Global/MaterialFunctions/MF_OrionCharacterAO.uasset" 243
"C:/UE5/Unreal Projects/TheLostPirate/Content/ParagonGideon/Characters/Global/MaterialFunctions/MF_OrionCharacterAO.uexp" 244
"C:/UE5/Unreal Projects/TheLostPirate/Content/ParagonGideon/Characters/Heroes/Gideon/Textures/T_Gideon_Upperbody_Normal.ubulk" 245
"C:/UE5/Unreal Projects/TheLostPirate/Content/ParagonGideon/Characters/Heroes/Gideon/Textures/T_Gideon_Upperbody_Normal.uasset" 246
"C:/UE5/Unreal Projects/TheLostPirate/Content/ParagonGideon/Characters/Heroes/Gideon/Textures/T_Gideon_Upperbody_Normal.uexp" 247
"C:/UE5/Unreal Projects/TheLostPirate/Content/ParagonGideon/Characters/Heroes/Gideon/Materials/M_Gideon_Upperbody_Skin.uasset" 248
"C:/UE5/Unreal Projects/TheLostPirate/Content/ParagonGideon/Characters/Heroes/Gideon/Materials/M_Gideon_Upperbody_Skin.uexp" 249
"C:/UE5/Unreal Projects/TheLostPirate/Content/ParagonGideon/Characters/Heroes/Gideon/Meshes/Gideon_SkeletonRig.uasset" 250
"C:/UE5/Unreal Projects/TheLostPirate/Content/ParagonGideon/Characters/Heroes/Gideon/Meshes/Gideon_SkeletonRig.uexp" 251
"C:/UE5/Unreal Projects/TheLostPirate/Content/ParagonGideon/Characters/Heroes/Gideon/Meshes/Gideon_Skeleton.uasset" 252
"C:/UE5/Unreal Projects/TheLostPirate/Content/ParagonGideon/Characters/Heroes/Gideon/Meshes/Gideon_Skeleton.uexp" 253
"C:/UE5/Unreal Projects/TheLostPirate/Content/ParagonGideon/Characters/Global/Eyes/Textures/Example/T_Eye_Wet_Normal.ubulk" 254
"C:/UE5/Unreal Projects/TheLostPirate/Content/ParagonGideon/Characters/Global/Eyes/Textures/Example/T_Eye_Wet_Normal.uasset" 255
"C:/UE5/Unreal Projects/TheLostPirate/Content/ParagonGideon/Characters/Global/Eyes/Textures/Example/T_Eye_Wet_Normal.uexp" 256
"../../../Engine/Content/Functions/Engine_MaterialFunctions02/Utility/MakeFloat2.uasset" 257
"../../../Engine/Content/Functions/Engine_MaterialFunctions02/Utility/MakeFloat2.uexp" 258
"../../../Engine/Content/Functions/Engine_MaterialFunctions02/Utility/BreakOutFloat2Components.uasset" 259
"../../../Engine/Content/Functions/Engine_MaterialFunctions02/Utility/BreakOutFloat2Components.uexp" 260
"../../../Engine/Content/Functions/Engine_MaterialFunctions01/Texturing/ScaleUVsByCenter.uasset" 261
"../../../Engine/Content/Functions/Engine_MaterialFunctions01/Texturing/ScaleUVsByCenter.uexp" 262
"../../../Engine/Content/Functions/Engine_MaterialFunctions02/Utility/VectorLength.uasset" 263
"../../../Engine/Content/Functions/Engine_MaterialFunctions02/Utility/VectorLength.uexp" 264
"C:/UE5/Unreal Projects/TheLostPirate/Content/ParagonGideon/Characters/Global/Eyes/Textures/Example/T_EyeMidPlaneDisplacement_Example.ubulk" 265
"C:/UE5/Unreal Projects/TheLostPirate/Content/ParagonGideon/Characters/Global/Eyes/Textures/Example/T_EyeMidPlaneDisplacement_Example.uasset" 266
"C:/UE5/Unreal Projects/TheLostPirate/Content/ParagonGideon/Characters/Global/Eyes/Textures/Example/T_EyeMidPlaneDisplacement_Example.uexp" 267
"../../../Engine/Content/Functions/Engine_MaterialFunctions02/TangentBasis.uasset" 268
"../../../Engine/Content/Functions/Engine_MaterialFunctions02/TangentBasis.uexp" 269
"C:/UE5/Unreal Projects/TheLostPirate/Content/ParagonGideon/Characters/Global/Eyes/MaterialFunctions/ML_EyeRefraction.uasset" 270
"C:/UE5/Unreal Projects/TheLostPirate/Content/ParagonGideon/Characters/Global/Eyes/MaterialFunctions/ML_EyeRefraction.uexp" 271
"C:/UE5/Unreal Projects/TheLostPirate/Content/ParagonGideon/Characters/Global/Eyes/Textures/Example/SSP_EyeInner_Profile.uasset" 272
"C:/UE5/Unreal Projects/TheLostPirate/Content/ParagonGideon/Characters/Global/Eyes/Textures/Example/SSP_EyeInner_Profile.uexp" 273
"C:/UE5/Unreal Projects/TheLostPirate/Content/ParagonGideon/Characters/Global/Eyes/Textures/Example/T_EyeIrisBaseColor_Example_2.ubulk" 274
"C:/UE5/Unreal Projects/TheLostPirate/Content/ParagonGideon/Characters/Global/Eyes/Textures/Example/T_EyeIrisBaseColor_Example_2.uasset" 275
"C:/UE5/Unreal Projects/TheLostPirate/Content/ParagonGideon/Characters/Global/Eyes/Textures/Example/T_EyeIrisBaseColor_Example_2.uexp" 276
"C:/UE5/Unreal Projects/TheLostPirate/Content/ParagonGideon/Characters/Global/Eyes/Textures/Example/T_EyeScleraBaseColor_Example_2.ubulk" 277
"C:/UE5/Unreal Projects/TheLostPirate/Content/ParagonGideon/Characters/Global/Eyes/Textures/Example/T_EyeScleraBaseColor_Example_2.uasset" 278
"C:/UE5/Unreal Projects/TheLostPirate/Content/ParagonGideon/Characters/Global/Eyes/Textures/Example/T_EyeScleraBaseColor_Example_2.uexp" 279
"../../../Engine/Content/EngineMaterials/BaseFlattenNormalMap.uasset" 280
"../../../Engine/Content/EngineMaterials/BaseFlattenNormalMap.uexp" 281
"C:/UE5/Unreal Projects/TheLostPirate/Content/ParagonGideon/Characters/Global/Eyes/Textures/T_Gideon_Corona_D.ubulk" 282
"C:/UE5/Unreal Projects/TheLostPirate/Content/ParagonGideon/Characters/Global/Eyes/Textures/T_Gideon_Corona_D.uasset" 283
"C:/UE5/Unreal Projects/TheLostPirate/Content/ParagonGideon/Characters/Global/Eyes/Textures/T_Gideon_Corona_D.uexp" 284
"C:/UE5/Unreal Projects/TheLostPirate/Content/ParagonGideon/Characters/Global/MaterialFunctions/ML_GideonULTEye.uasset" 285
"C:/UE5/Unreal Projects/TheLostPirate/Content/ParagonGideon/Characters/Global/MaterialFunctions/ML_GideonULTEye.uexp" 286
"C:/UE5/Unreal Projects/TheLostPirate/Content/ParagonGideon/Characters/Global/Eyes/Textures/T_DecalMask_Radial03.ubulk" 287
"C:/UE5/Unreal Projects/TheLostPirate/Content/ParagonGideon/Characters/Global/Eyes/Textures/T_DecalMask_Radial03.uasset" 288
"C:/UE5/Unreal Projects/TheLostPirate/Content/ParagonGideon/Characters/Global/Eyes/Textures/T_DecalMask_Radial03.uexp" 289
"C:/UE5/Unreal Projects/TheLostPirate/Content/ParagonGideon/Characters/Global/Eyes/Textures/Example/T_EYE_NORMALS.ubulk" 290
"C:/UE5/Unreal Projects/TheLostPirate/Content/ParagonGideon/Characters/Global/Eyes/Textures/Example/T_EYE_NORMALS.uasset" 291
"C:/UE5/Unreal Projects/TheLostPirate/Content/ParagonGideon/Characters/Global/Eyes/Textures/Example/T_EYE_NORMALS.uexp" 292
"C:/UE5/Unreal Projects/TheLostPirate/Content/ParagonGideon/Characters/Global/Eyes/Textures/T_EpicQuadPanorama_CC.uasset" 293
"C:/UE5/Unreal Projects/TheLostPirate/Content/ParagonGideon/Characters/Global/Eyes/Textures/T_EpicQuadPanorama_CC.uexp" 294
"C:/UE5/Unreal Projects/TheLostPirate/Content/ParagonGideon/Characters/Global/Eyes/Textures/T_Swirly_Noise.ubulk" 295
"C:/UE5/Unreal Projects/TheLostPirate/Content/ParagonGideon/Characters/Global/Eyes/Textures/T_Swirly_Noise.uasset" 296
"C:/UE5/Unreal Projects/TheLostPirate/Content/ParagonGideon/Characters/Global/Eyes/Textures/T_Swirly_Noise.uexp" 297
"../../../Engine/Content/Functions/Engine_MaterialFunctions02/HueShift.uasset" 298
"../../../Engine/Content/Functions/Engine_MaterialFunctions02/HueShift.uexp" 299
"../../../Engine/Content/Functions/Engine_MaterialFunctions01/ImageAdjustment/DeriveHDRfromLDR.uasset" 300
"../../../Engine/Content/Functions/Engine_MaterialFunctions01/ImageAdjustment/DeriveHDRfromLDR.uexp" 301
"C:/UE5/Unreal Projects/TheLostPirate/Content/ParagonGideon/Characters/Global/Eyes/Textures/Example/T_Sphere_EYE_NORMALS.ubulk" 302
"C:/UE5/Unreal Projects/TheLostPirate/Content/ParagonGideon/Characters/Global/Eyes/Textures/Example/T_Sphere_EYE_NORMALS.uasset" 303
"C:/UE5/Unreal Projects/TheLostPirate/Content/ParagonGideon/Characters/Global/Eyes/Textures/Example/T_Sphere_EYE_NORMALS.uexp" 304
"C:/UE5/Unreal Projects/TheLostPirate/Content/ParagonGideon/Characters/Global/Eyes/Materials/M_EyeRefractive.uasset" 305
"C:/UE5/Unreal Projects/TheLostPirate/Content/ParagonGideon/Characters/Global/Eyes/Materials/M_EyeRefractive.uexp" 306
"C:/UE5/Unreal Projects/TheLostPirate/Content/ParagonGideon/Characters/Global/Eyes/Textures/Example/T_EyeIrisBaseColor_Example_6.ubulk" 307
"C:/UE5/Unreal Projects/TheLostPirate/Content/ParagonGideon/Characters/Global/Eyes/Textures/Example/T_EyeIrisBaseColor_Example_6.uasset" 308
"C:/UE5/Unreal Projects/TheLostPirate/Content/ParagonGideon/Characters/Global/Eyes/Textures/Example/T_EyeIrisBaseColor_Example_6.uexp" 309
"C:/UE5/Unreal Projects/TheLostPirate/Content/ParagonGideon/Characters/Heroes/Gideon/Materials/M_Gideon_EyeRefractive_Inst.uasset" 310
"C:/UE5/Unreal Projects/TheLostPirate/Content/ParagonGideon/Characters/Heroes/Gideon/Materials/M_Gideon_EyeRefractive_Inst.uexp" 311
"C:/UE5/Unreal Projects/TheLostPirate/Content/ParagonGideon/Characters/Global/Mouth/Textures/T_TeethAndTongue_D.ubulk" 312
"C:/UE5/Unreal Projects/TheLostPirate/Content/ParagonGideon/Characters/Global/Mouth/Textures/T_TeethAndTongue_D.uasset" 313
"C:/UE5/Unreal Projects/TheLostPirate/Content/ParagonGideon/Characters/Global/Mouth/Textures/T_TeethAndTongue_D.uexp" 314
"C:/UE5/Unreal Projects/TheLostPirate/Content/ParagonGideon/Characters/Global/Mouth/Textures/T_Master_Mouth_1_COLOR.ubulk" 315
"C:/UE5/Unreal Projects/TheLostPirate/Content/ParagonGideon/Characters/Global/Mouth/Textures/T_Master_Mouth_1_COLOR.uasset" 316
"C:/UE5/Unreal Projects/TheLostPirate/Content/ParagonGideon/Characters/Global/Mouth/Textures/T_Master_Mouth_1_COLOR.uexp" 317
"C:/UE5/Unreal Projects/TheLostPirate/Content/ParagonGideon/Characters/Global/Mouth/Materials/SSP_TeethSubsurfaceProfile.uasset" 318
"C:/UE5/Unreal Projects/TheLostPirate/Content/ParagonGideon/Characters/Global/Mouth/Materials/SSP_TeethSubsurfaceProfile.uexp" 319
"C:/UE5/Unreal Projects/TheLostPirate/Content/ParagonGideon/Characters/Global/Mouth/Textures/T_Master_Mouth_1_RGB.ubulk" 320
"C:/UE5/Unreal Projects/TheLostPirate/Content/ParagonGideon/Characters/Global/Mouth/Textures/T_Master_Mouth_1_RGB.uasset" 321
"C:/UE5/Unreal Projects/TheLostPirate/Content/ParagonGideon/Characters/Global/Mouth/Textures/T_Master_Mouth_1_RGB.uexp" 322
"C:/UE5/Unreal Projects/TheLostPirate/Content/ParagonGideon/Characters/Global/Mouth/Textures/T_Master_Mouth_1_N.ubulk" 323
"C:/UE5/Unreal Projects/TheLostPirate/Content/ParagonGideon/Characters/Global/Mouth/Textures/T_Master_Mouth_1_N.uasset" 324
"C:/UE5/Unreal Projects/TheLostPirate/Content/ParagonGideon/Characters/Global/Mouth/Textures/T_Master_Mouth_1_N.uexp" 325
"C:/UE5/Unreal Projects/TheLostPirate/Content/ParagonGideon/Characters/Global/Mouth/Materials/M_Mouth_Master.uasset" 326
"C:/UE5/Unreal Projects/TheLostPirate/Content/ParagonGideon/Characters/Global/Mouth/Materials/M_Mouth_Master.uexp" 327
"C:/UE5/Unreal Projects/TheLostPirate/Content/ParagonGideon/Characters/Global/Mouth/Textures/T_TeethAndTongue_N.ubulk" 328
"C:/UE5/Unreal Projects/TheLostPirate/Content/ParagonGideon/Characters/Global/Mouth/Textures/T_TeethAndTongue_N.uasset" 329
"C:/UE5/Unreal Projects/TheLostPirate/Content/ParagonGideon/Characters/Global/Mouth/Textures/T_TeethAndTongue_N.uexp" 330
"C:/UE5/Unreal Projects/TheLostPirate/Content/ParagonGideon/Characters/Global/Mouth/Materials/MI_Human_Mouth.uasset" 331
"C:/UE5/Unreal Projects/TheLostPirate/Content/ParagonGideon/Characters/Global/Mouth/Materials/MI_Human_Mouth.uexp" 332
"C:/UE5/Unreal Projects/TheLostPirate/Content/ParagonGideon/Characters/Global/Eyes/Textures/SSP_TearDuctSubsurfaceProfile.uasset" 333
"C:/UE5/Unreal Projects/TheLostPirate/Content/ParagonGideon/Characters/Global/Eyes/Textures/SSP_TearDuctSubsurfaceProfile.uexp" 334
"C:/UE5/Unreal Projects/TheLostPirate/Content/ParagonGideon/Characters/Global/Eyes/Textures/T_Eye_Tearduct__normals2.ubulk" 335
"C:/UE5/Unreal Projects/TheLostPirate/Content/ParagonGideon/Characters/Global/Eyes/Textures/T_Eye_Tearduct__normals2.uasset" 336
"C:/UE5/Unreal Projects/TheLostPirate/Content/ParagonGideon/Characters/Global/Eyes/Textures/T_Eye_Tearduct__normals2.uexp" 337
"C:/UE5/Unreal Projects/TheLostPirate/Content/ParagonGideon/Characters/Global/Eyes/Materials/M_TearDuct_2.uasset" 338
"C:/UE5/Unreal Projects/TheLostPirate/Content/ParagonGideon/Characters/Global/Eyes/Materials/M_TearDuct_2.uexp" 339
"C:/UE5/Unreal Projects/TheLostPirate/Content/ParagonGideon/Characters/Heroes/Gideon/Meshes/Gideon_CylShadows.uasset" 340
"C:/UE5/Unreal Projects/TheLostPirate/Content/ParagonGideon/Characters/Heroes/Gideon/Meshes/Gideon_CylShadows.uexp" 341
"C:/UE5/Unreal Projects/TheLostPirate/Content/ParagonGideon/Characters/Global/MaterialLayers/Fabric/T_FineFabric01_N.ubulk" 342
"C:/UE5/Unreal Projects/TheLostPirate/Content/ParagonGideon/Characters/Global/MaterialLayers/Fabric/T_FineFabric01_N.uasset" 343
"C:/UE5/Unreal Projects/TheLostPirate/Content/ParagonGideon/Characters/Global/MaterialLayers/Fabric/T_FineFabric01_N.uexp" 344
"C:/UE5/Unreal Projects/TheLostPirate/Content/ParagonGideon/Characters/Global/MaterialLayers/Fabric/T_FineFabric01.ubulk" 345
"C:/UE5/Unreal Projects/TheLostPirate/Content/ParagonGideon/Characters/Global/MaterialLayers/Fabric/T_FineFabric01.uasset" 346
"C:/UE5/Unreal Projects/TheLostPirate/Content/ParagonGideon/Characters/Global/MaterialLayers/Fabric/T_FineFabric01.uexp" 347
"C:/UE5/Unreal Projects/TheLostPirate/Content/ParagonGideon/Characters/Global/MaterialLayers/Fabric/ML_ColorableCloth.uasset" 348
"C:/UE5/Unreal Projects/TheLostPirate/Content/ParagonGideon/Characters/Global/MaterialLayers/Fabric/ML_ColorableCloth.uexp" 349
"C:/UE5/Unreal Projects/TheLostPirate/Content/ParagonGideon/Characters/Global/MaterialLayers/Synthetics/T_Gideon_Eye_D.ubulk" 350
"C:/UE5/Unreal Projects/TheLostPirate/Content/ParagonGideon/Characters/Global/MaterialLayers/Synthetics/T_Gideon_Eye_D.uasset" 351
"C:/UE5/Unreal Projects/TheLostPirate/Content/ParagonGideon/Characters/Global/MaterialLayers/Synthetics/T_Gideon_Eye_D.uexp" 352
"C:/UE5/Unreal Projects/TheLostPirate/Content/ParagonGideon/Characters/Global/MaterialLayers/Synthetics/ML_Gem.uasset" 353
"C:/UE5/Unreal Projects/TheLostPirate/Content/ParagonGideon/Characters/Global/MaterialLayers/Synthetics/ML_Gem.uexp" 354
"C:/UE5/Unreal Projects/TheLostPirate/Content/ParagonGideon/Characters/Global/MaterialLayers/Leather/T_ML_FineLeather01_N.ubulk" 355
"C:/UE5/Unreal Projects/TheLostPirate/Content/ParagonGideon/Characters/Global/MaterialLayers/Leather/T_ML_FineLeather01_N.uasset" 356
"C:/UE5/Unreal Projects/TheLostPirate/Content/ParagonGideon/Characters/Global/MaterialLayers/Leather/T_ML_FineLeather01_N.uexp" 357
"C:/UE5/Unreal Projects/TheLostPirate/Content/ParagonGideon/Characters/Global/MaterialLayers/Leather/T_ML_FineLeather01.ubulk" 358
"C:/UE5/Unreal Projects/TheLostPirate/Content/ParagonGideon/Characters/Global/MaterialLayers/Leather/T_ML_FineLeather01.uasset" 359
"C:/UE5/Unreal Projects/TheLostPirate/Content/ParagonGideon/Characters/Global/MaterialLayers/Leather/T_ML_FineLeather01.uexp" 360
"C:/UE5/Unreal Projects/TheLostPirate/Content/ParagonGideon/Characters/Global/MaterialLayers/Leather/ML_ThinLeather01.uasset" 361
"C:/UE5/Unreal Projects/TheLostPirate/Content/ParagonGideon/Characters/Global/MaterialLayers/Leather/ML_ThinLeather01.uexp" 362
"C:/UE5/Unreal Projects/TheLostPirate/Content/ParagonGideon/Characters/Global/MaterialLayers/Metal/T_Rust01_N.ubulk" 363
"C:/UE5/Unreal Projects/TheLostPirate/Content/ParagonGideon/Characters/Global/MaterialLayers/Metal/T_Rust01_N.uasset" 364
"C:/UE5/Unreal Projects/TheLostPirate/Content/ParagonGideon/Characters/Global/MaterialLayers/Metal/T_Rust01_N.uexp" 365
"C:/UE5/Unreal Projects/TheLostPirate/Content/ParagonGideon/Characters/Global/MaterialLayers/Leather/T_T_Worn_Under_Leather.ubulk" 366
"C:/UE5/Unreal Projects/TheLostPirate/Content/ParagonGideon/Characters/Global/MaterialLayers/Leather/T_T_Worn_Under_Leather.uasset" 367
"C:/UE5/Unreal Projects/TheLostPirate/Content/ParagonGideon/Characters/Global/MaterialLayers/Leather/T_T_Worn_Under_Leather.uexp" 368
"C:/UE5/Unreal Projects/TheLostPirate/Content/ParagonGideon/Characters/Global/MaterialLayers/Leather/ML_Worn_Under_Leather.uasset" 369
"C:/UE5/Unreal Projects/TheLostPirate/Content/ParagonGideon/Characters/Global/MaterialLayers/Leather/ML_Worn_Under_Leather.uexp" 370
"C:/UE5/Unreal Projects/TheLostPirate/Content/ParagonGideon/Characters/Heroes/Gideon/Materials/M_Gideon_Upperbody.uasset" 371
"C:/UE5/Unreal Projects/TheLostPirate/Content/ParagonGideon/Characters/Heroes/Gideon/Materials/M_Gideon_Upperbody.uexp" 372
"C:/UE5/Unreal Projects/TheLostPirate/Content/ParagonGideon/Characters/Global/Eyes/Materials/M_TearLine.uasset" 373
"C:/UE5/Unreal Projects/TheLostPirate/Content/ParagonGideon/Characters/Global/Eyes/Materials/M_TearLine.uexp" 374
"C:/UE5/Unreal Projects/TheLostPirate/Content/ParagonGideon/Characters/Heroes/Gideon/Materials/M_Gideon_OuterRing_Masked.uasset" 375
"C:/UE5/Unreal Projects/TheLostPirate/Content/ParagonGideon/Characters/Heroes/Gideon/Materials/M_Gideon_OuterRing_Masked.uexp" 376
"C:/UE5/Unreal Projects/TheLostPirate/Content/ParagonGideon/Characters/Heroes/Gideon/Meshes/Gideon_PhysicsAsset.uasset" 377
"C:/UE5/Unreal Projects/TheLostPirate/Content/ParagonGideon/Characters/Heroes/Gideon/Meshes/Gideon_PhysicsAsset.uexp" 378
"C:/UE5/Unreal Projects/TheLostPirate/Content/ParagonGideon/Characters/Global/Hair/SharedHairContent/MaleBearded_Gideon/T_BEARD_ID_01.ubulk" 379
"C:/UE5/Unreal Projects/TheLostPirate/Content/ParagonGideon/Characters/Global/Hair/SharedHairContent/MaleBearded_Gideon/T_BEARD_ID_01.uasset" 380
"C:/UE5/Unreal Projects/TheLostPirate/Content/ParagonGideon/Characters/Global/Hair/SharedHairContent/MaleBearded_Gideon/T_BEARD_ID_01.uexp" 381
"C:/UE5/Unreal Projects/TheLostPirate/Content/ParagonGideon/Characters/Global/Hair/SharedHairContent/MaleBearded_Gideon/T_BEARD_Grad_01.ubulk" 382
"C:/UE5/Unreal Projects/TheLostPirate/Content/ParagonGideon/Characters/Global/Hair/SharedHairContent/MaleBearded_Gideon/T_BEARD_Grad_01.uasset" 383
"C:/UE5/Unreal Projects/TheLostPirate/Content/ParagonGideon/Characters/Global/Hair/SharedHairContent/MaleBearded_Gideon/T_BEARD_Grad_01.uexp" 384
"C:/UE5/Unreal Projects/TheLostPirate/Content/ParagonGideon/Characters/Global/MaterialFunctions/MF_ParagonCharacterHairWind.uasset" 385
"C:/UE5/Unreal Projects/TheLostPirate/Content/ParagonGideon/Characters/Global/MaterialFunctions/MF_ParagonCharacterHairWind.uexp" 386
"C:/UE5/Unreal Projects/TheLostPirate/Content/ParagonGideon/Characters/Global/Hair/TestContent/T_HairClump02_Roots.ubulk" 387
"C:/UE5/Unreal Projects/TheLostPirate/Content/ParagonGideon/Characters/Global/Hair/TestContent/T_HairClump02_Roots.uasset" 388
"C:/UE5/Unreal Projects/TheLostPirate/Content/ParagonGideon/Characters/Global/Hair/TestContent/T_HairClump02_Roots.uexp" 389
"C:/UE5/Unreal Projects/TheLostPirate/Content/ParagonGideon/Characters/Global/Hair/Materials/MF_BlendHairColorsWithParam.uasset" 390
"C:/UE5/Unreal Projects/TheLostPirate/Content/ParagonGideon/Characters/Global/Hair/Materials/MF_BlendHairColorsWithParam.uexp" 391
"C:/UE5/Unreal Projects/TheLostPirate/Content/ParagonGideon/Characters/Global/Hair/T_Caustics_2.ubulk" 392
"C:/UE5/Unreal Projects/TheLostPirate/Content/ParagonGideon/Characters/Global/Hair/T_Caustics_2.uasset" 393
"C:/UE5/Unreal Projects/TheLostPirate/Content/ParagonGideon/Characters/Global/Hair/T_Caustics_2.uexp" 394
"C:/UE5/Unreal Projects/TheLostPirate/Content/ParagonGideon/Characters/Global/Hair/TestContent/T_HairClump02_Alpha.ubulk" 395
"C:/UE5/Unreal Projects/TheLostPirate/Content/ParagonGideon/Characters/Global/Hair/TestContent/T_HairClump02_Alpha.uasset" 396
"C:/UE5/Unreal Projects/TheLostPirate/Content/ParagonGideon/Characters/Global/Hair/TestContent/T_HairClump02_Alpha.uexp" 397
"C:/UE5/Unreal Projects/TheLostPirate/Content/ParagonGideon/Characters/Global/Hair/TestContent/T_HairClump02_DyeMask.ubulk" 398
"C:/UE5/Unreal Projects/TheLostPirate/Content/ParagonGideon/Characters/Global/Hair/TestContent/T_HairClump02_DyeMask.uasset" 399
"C:/UE5/Unreal Projects/TheLostPirate/Content/ParagonGideon/Characters/Global/Hair/TestContent/T_HairClump02_DyeMask.uexp" 400
"C:/UE5/Unreal Projects/TheLostPirate/Content/ParagonGideon/Characters/Global/Hair/TestContent/T_HairClump02_ID.ubulk" 401
"C:/UE5/Unreal Projects/TheLostPirate/Content/ParagonGideon/Characters/Global/Hair/TestContent/T_HairClump02_ID.uasset" 402
"C:/UE5/Unreal Projects/TheLostPirate/Content/ParagonGideon/Characters/Global/Hair/TestContent/T_HairClump02_ID.uexp" 403
"C:/UE5/Unreal Projects/TheLostPirate/Content/ParagonGideon/Characters/Global/Hair/TestContent/T_HairClump02_Depth.ubulk" 404
"C:/UE5/Unreal Projects/TheLostPirate/Content/ParagonGideon/Characters/Global/Hair/TestContent/T_HairClump02_Depth.uasset" 405
"C:/UE5/Unreal Projects/TheLostPirate/Content/ParagonGideon/Characters/Global/Hair/TestContent/T_HairClump02_Depth.uexp" 406
"C:/UE5/Unreal Projects/TheLostPirate/Content/ParagonGideon/Characters/Global/Hair/T_gradient_stasis.ubulk" 407
"C:/UE5/Unreal Projects/TheLostPirate/Content/ParagonGideon/Characters/Global/Hair/T_gradient_stasis.uasset" 408
"C:/UE5/Unreal Projects/TheLostPirate/Content/ParagonGideon/Characters/Global/Hair/T_gradient_stasis.uexp" 409
"C:/UE5/Unreal Projects/TheLostPirate/Content/ParagonGideon/Characters/Global/Hair/T_Fire_Tiled_D.ubulk" 410
"C:/UE5/Unreal Projects/TheLostPirate/Content/ParagonGideon/Characters/Global/Hair/T_Fire_Tiled_D.uasset" 411
"C:/UE5/Unreal Projects/TheLostPirate/Content/ParagonGideon/Characters/Global/Hair/T_Fire_Tiled_D.uexp" 412
"../../../Engine/Content/Functions/Engine_MaterialFunctions02/Math/MultiplyAdd.uasset" 413
"../../../Engine/Content/Functions/Engine_MaterialFunctions02/Math/MultiplyAdd.uexp" 414
"../../../Engine/Content/EngineResources/Black.uasset" 415
"../../../Engine/Content/EngineResources/Black.uexp" 416
"C:/UE5/Unreal Projects/TheLostPirate/Content/ParagonGideon/Characters/Global/Hair/Materials/M_HairSheet_Master2.uasset" 417
"C:/UE5/Unreal Projects/TheLostPirate/Content/ParagonGideon/Characters/Global/Hair/Materials/M_HairSheet_Master2.uexp" 418
"C:/UE5/Unreal Projects/TheLostPirate/Content/ParagonGideon/Characters/Global/Hair/SharedHairContent/MaleBearded_Gideon/T_BEARD_Alpha_01.ubulk" 419
"C:/UE5/Unreal Projects/TheLostPirate/Content/ParagonGideon/Characters/Global/Hair/SharedHairContent/MaleBearded_Gideon/T_BEARD_Alpha_01.uasset" 420
"C:/UE5/Unreal Projects/TheLostPirate/Content/ParagonGideon/Characters/Global/Hair/SharedHairContent/MaleBearded_Gideon/T_BEARD_Alpha_01.uexp" 421
"C:/UE5/Unreal Projects/TheLostPirate/Content/ParagonGideon/Characters/Heroes/Gideon/Materials/M_Gideon_Beard.uasset" 422
"C:/UE5/Unreal Projects/TheLostPirate/Content/ParagonGideon/Characters/Heroes/Gideon/Materials/M_Gideon_Beard.uexp" 423
"C:/UE5/Unreal Projects/TheLostPirate/Content/ParagonGideon/Characters/Heroes/Gideon/Textures/T_Gideon_Legs_RGB_2.ubulk" 424
"C:/UE5/Unreal Projects/TheLostPirate/Content/ParagonGideon/Characters/Heroes/Gideon/Textures/T_Gideon_Legs_RGB_2.uasset" 425
"C:/UE5/Unreal Projects/TheLostPirate/Content/ParagonGideon/Characters/Heroes/Gideon/Textures/T_Gideon_Legs_RGB_2.uexp" 426
"C:/UE5/Unreal Projects/TheLostPirate/Content/ParagonGideon/Characters/Heroes/Gideon/Textures/T_Gideon_Legs_Mask.ubulk" 427
"C:/UE5/Unreal Projects/TheLostPirate/Content/ParagonGideon/Characters/Heroes/Gideon/Textures/T_Gideon_Legs_Mask.uasset" 428
"C:/UE5/Unreal Projects/TheLostPirate/Content/ParagonGideon/Characters/Heroes/Gideon/Textures/T_Gideon_Legs_Mask.uexp" 429
"C:/UE5/Unreal Projects/TheLostPirate/Content/ParagonGideon/Characters/Heroes/Gideon/Textures/T_Gideon_Legs_Mask_2.ubulk" 430
"C:/UE5/Unreal Projects/TheLostPirate/Content/ParagonGideon/Characters/Heroes/Gideon/Textures/T_Gideon_Legs_Mask_2.uasset" 431
"C:/UE5/Unreal Projects/TheLostPirate/Content/ParagonGideon/Characters/Heroes/Gideon/Textures/T_Gideon_Legs_Mask_2.uexp" 432
"C:/UE5/Unreal Projects/TheLostPirate/Content/ParagonGideon/Characters/Heroes/Gideon/Textures/T_Gideon_Legs_normals.ubulk" 433
"C:/UE5/Unreal Projects/TheLostPirate/Content/ParagonGideon/Characters/Heroes/Gideon/Textures/T_Gideon_Legs_normals.uasset" 434
"C:/UE5/Unreal Projects/TheLostPirate/Content/ParagonGideon/Characters/Heroes/Gideon/Textures/T_Gideon_Legs_normals.uexp" 435
"C:/UE5/Unreal Projects/TheLostPirate/Content/ParagonGideon/Characters/Heroes/Gideon/Materials/M_Gideon_LowerBody.uasset" 436
"C:/UE5/Unreal Projects/TheLostPirate/Content/ParagonGideon/Characters/Heroes/Gideon/Materials/M_Gideon_LowerBody.uexp" 437
"C:/UE5/Unreal Projects/TheLostPirate/Content/ParagonGideon/Characters/Heroes/Gideon/Textures/T_Portal_SpaceMask_M.ubulk" 438
"C:/UE5/Unreal Projects/TheLostPirate/Content/ParagonGideon/Characters/Heroes/Gideon/Textures/T_Portal_SpaceMask_M.uasset" 439
"C:/UE5/Unreal Projects/TheLostPirate/Content/ParagonGideon/Characters/Heroes/Gideon/Textures/T_Portal_SpaceMask_M.uexp" 440
"C:/UE5/Unreal Projects/TheLostPirate/Content/ParagonGideon/Characters/Heroes/Gideon/Materials/M_Gideon_Ring_Glow.uasset" 441
"C:/UE5/Unreal Projects/TheLostPirate/Content/ParagonGideon/Characters/Heroes/Gideon/Materials/M_Gideon_Ring_Glow.uexp" 442
"../../../Engine/Content/Functions/Engine_MaterialFunctions01/ImageAdjustment/BlurSampleOffsets.uasset" 443
"../../../Engine/Content/Functions/Engine_MaterialFunctions01/ImageAdjustment/BlurSampleOffsets.uexp" 444
"../../../Engine/Content/Functions/Engine_MaterialFunctions02/WorldPositionOffset/CameraOffset.uasset" 445
"../../../Engine/Content/Functions/Engine_MaterialFunctions02/WorldPositionOffset/CameraOffset.uexp" 446
"../../../Engine/Content/Functions/Engine_MaterialFunctions01/ImageAdjustment/SceneTextureAverage.uasset" 447
"../../../Engine/Content/Functions/Engine_MaterialFunctions01/ImageAdjustment/SceneTextureAverage.uexp" 448
"../../../Engine/Content/Functions/Engine_MaterialFunctions02/Utility/CameraVectorWithWPOOptions.uasset" 449
"../../../Engine/Content/Functions/Engine_MaterialFunctions02/Utility/CameraVectorWithWPOOptions.uexp" 450
"C:/UE5/Unreal Projects/TheLostPirate/Content/ParagonGideon/Characters/Global/Eyes/Textures/T_EyeOcclusion2.ubulk" 451
"C:/UE5/Unreal Projects/TheLostPirate/Content/ParagonGideon/Characters/Global/Eyes/Textures/T_EyeOcclusion2.uasset" 452
"C:/UE5/Unreal Projects/TheLostPirate/Content/ParagonGideon/Characters/Global/Eyes/Textures/T_EyeOcclusion2.uexp" 453
"C:/UE5/Unreal Projects/TheLostPirate/Content/ParagonGideon/Characters/Global/Eyes/Materials/M_Eye_Occlusion.uasset" 454
"C:/UE5/Unreal Projects/TheLostPirate/Content/ParagonGideon/Characters/Global/Eyes/Materials/M_Eye_Occlusion.uexp" 455
"C:/UE5/Unreal Projects/TheLostPirate/Content/ParagonGideon/Characters/Heroes/Gideon/Textures/T_Gideon_Head_M.ubulk" 456
"C:/UE5/Unreal Projects/TheLostPirate/Content/ParagonGideon/Characters/Heroes/Gideon/Textures/T_Gideon_Head_M.uasset" 457
"C:/UE5/Unreal Projects/TheLostPirate/Content/ParagonGideon/Characters/Heroes/Gideon/Textures/T_Gideon_Head_M.uexp" 458
"C:/UE5/Unreal Projects/TheLostPirate/Content/ParagonGideon/Characters/Heroes/Gideon/Textures/T_LP_Rift_Head_N.ubulk" 459
"C:/UE5/Unreal Projects/TheLostPirate/Content/ParagonGideon/Characters/Heroes/Gideon/Textures/T_LP_Rift_Head_N.uasset" 460
"C:/UE5/Unreal Projects/TheLostPirate/Content/ParagonGideon/Characters/Heroes/Gideon/Textures/T_LP_Rift_Head_N.uexp" 461
"C:/UE5/Unreal Projects/TheLostPirate/Content/ParagonGideon/Characters/Heroes/Gideon/Textures/T_Gideon_Head_Color.ubulk" 462
"C:/UE5/Unreal Projects/TheLostPirate/Content/ParagonGideon/Characters/Heroes/Gideon/Textures/T_Gideon_Head_Color.uasset" 463
"C:/UE5/Unreal Projects/TheLostPirate/Content/ParagonGideon/Characters/Heroes/Gideon/Textures/T_Gideon_Head_Color.uexp" 464
"C:/UE5/Unreal Projects/TheLostPirate/Content/ParagonGideon/Characters/Heroes/Gideon/Materials/SSP_Gideon_Skin.uasset" 465
"C:/UE5/Unreal Projects/TheLostPirate/Content/ParagonGideon/Characters/Heroes/Gideon/Materials/SSP_Gideon_Skin.uexp" 466
"C:/UE5/Unreal Projects/TheLostPirate/Content/ParagonGideon/Characters/Heroes/Gideon/Materials/M_Gideon_Head.uasset" 467
"C:/UE5/Unreal Projects/TheLostPirate/Content/ParagonGideon/Characters/Heroes/Gideon/Materials/M_Gideon_Head.uexp" 468
"C:/UE5/Unreal Projects/TheLostPirate/Content/ParagonGideon/Characters/Heroes/Gideon/Meshes/Gideon.uasset" 469
"C:/UE5/Unreal Projects/TheLostPirate/Content/ParagonGideon/Characters/Heroes/Gideon/Meshes/Gideon.uexp" 470
"C:/UE5/Unreal Projects/TheLostPirate/Content/Pirate/Demoscene_UE4/Mesh/UE4_Mannequin_Skeleton.uasset" 471
"C:/UE5/Unreal Projects/TheLostPirate/Content/Pirate/Demoscene_UE4/Mesh/UE4_Mannequin_Skeleton.uexp" 472
"C:/UE5/Unreal Projects/TheLostPirate/Content/Pirate/Demoscene_UE4/Mesh/SK_Mannequin.uasset" 473
"C:/UE5/Unreal Projects/TheLostPirate/Content/Pirate/Demoscene_UE4/Mesh/SK_Mannequin.uexp" 474
"C:/UE5/Unreal Projects/TheLostPirate/Content/Pirate/Textures/Pirate_Body/T_Pirate_Body_Normals.ubulk" 475
"C:/UE5/Unreal Projects/TheLostPirate/Content/Pirate/Textures/Pirate_Body/T_Pirate_Body_Normals.uasset" 476
"C:/UE5/Unreal Projects/TheLostPirate/Content/Pirate/Textures/Pirate_Body/T_Pirate_Body_Normals.uexp" 477
"C:/UE5/Unreal Projects/TheLostPirate/Content/Pirate/Textures/Pirate_Body/T_Pirate_Body_Ao.ubulk" 478
"C:/UE5/Unreal Projects/TheLostPirate/Content/Pirate/Textures/Pirate_Body/T_Pirate_Body_Ao.uasset" 479
"C:/UE5/Unreal Projects/TheLostPirate/Content/Pirate/Textures/Pirate_Body/T_Pirate_Body_Ao.uexp" 480
"C:/UE5/Unreal Projects/TheLostPirate/Content/Pirate/Textures/Pirate_Body/T_Pirate_Body_Albedo_01.ubulk" 481
"C:/UE5/Unreal Projects/TheLostPirate/Content/Pirate/Textures/Pirate_Body/T_Pirate_Body_Albedo_01.uasset" 482
"C:/UE5/Unreal Projects/TheLostPirate/Content/Pirate/Textures/Pirate_Body/T_Pirate_Body_Albedo_01.uexp" 483
"C:/UE5/Unreal Projects/TheLostPirate/Content/Pirate/Textures/Pirate_Body/T_Pirate_Body_Metallic.ubulk" 484
"C:/UE5/Unreal Projects/TheLostPirate/Content/Pirate/Textures/Pirate_Body/T_Pirate_Body_Metallic.uasset" 485
"C:/UE5/Unreal Projects/TheLostPirate/Content/Pirate/Textures/Pirate_Body/T_Pirate_Body_Metallic.uexp" 486
"C:/UE5/Unreal Projects/TheLostPirate/Content/Pirate/Materials/M_Pirate_Body_1.uasset" 487
"C:/UE5/Unreal Projects/TheLostPirate/Content/Pirate/Materials/M_Pirate_Body_1.uexp" 488
"C:/UE5/Unreal Projects/TheLostPirate/Content/Pirate/Textures/Pirate_Cloth/T_Pirate_Cloth_Metallic.ubulk" 489
"C:/UE5/Unreal Projects/TheLostPirate/Content/Pirate/Textures/Pirate_Cloth/T_Pirate_Cloth_Metallic.uasset" 490
"C:/UE5/Unreal Projects/TheLostPirate/Content/Pirate/Textures/Pirate_Cloth/T_Pirate_Cloth_Metallic.uexp" 491
"C:/UE5/Unreal Projects/TheLostPirate/Content/Pirate/Textures/Pirate_Cloth/T_Pirate_Cloth_Normals.ubulk" 492
"C:/UE5/Unreal Projects/TheLostPirate/Content/Pirate/Textures/Pirate_Cloth/T_Pirate_Cloth_Normals.uasset" 493
"C:/UE5/Unreal Projects/TheLostPirate/Content/Pirate/Textures/Pirate_Cloth/T_Pirate_Cloth_Normals.uexp" 494
"C:/UE5/Unreal Projects/TheLostPirate/Content/Pirate/Textures/Pirate_Cloth/T_Pirate_Cloth_Albedo.ubulk" 495
"C:/UE5/Unreal Projects/TheLostPirate/Content/Pirate/Textures/Pirate_Cloth/T_Pirate_Cloth_Albedo.uasset" 496
"C:/UE5/Unreal Projects/TheLostPirate/Content/Pirate/Textures/Pirate_Cloth/T_Pirate_Cloth_Albedo.uexp" 497
"C:/UE5/Unreal Projects/TheLostPirate/Content/Pirate/Textures/Pirate_Cloth/T_Pirate_Cloth_Ao.ubulk" 498
"C:/UE5/Unreal Projects/TheLostPirate/Content/Pirate/Textures/Pirate_Cloth/T_Pirate_Cloth_Ao.uasset" 499
"C:/UE5/Unreal Projects/TheLostPirate/Content/Pirate/Textures/Pirate_Cloth/T_Pirate_Cloth_Ao.uexp" 500
"C:/UE5/Unreal Projects/TheLostPirate/Content/Pirate/Materials/M_Pirate_Cloth.uasset" 501
"C:/UE5/Unreal Projects/TheLostPirate/Content/Pirate/Materials/M_Pirate_Cloth.uexp" 502
"C:/UE5/Unreal Projects/TheLostPirate/Content/Pirate/Textures/Pirate_Details_Weapon/T_Pirate_Details_Weapons_Ao.ubulk" 503
"C:/UE5/Unreal Projects/TheLostPirate/Content/Pirate/Textures/Pirate_Details_Weapon/T_Pirate_Details_Weapons_Ao.uasset" 504
"C:/UE5/Unreal Projects/TheLostPirate/Content/Pirate/Textures/Pirate_Details_Weapon/T_Pirate_Details_Weapons_Ao.uexp" 505
"C:/UE5/Unreal Projects/TheLostPirate/Content/Pirate/Textures/Pirate_Details_Weapon/T_Pirate_Details_Weapons_Metallic.ubulk" 506
"C:/UE5/Unreal Projects/TheLostPirate/Content/Pirate/Textures/Pirate_Details_Weapon/T_Pirate_Details_Weapons_Metallic.uasset" 507
"C:/UE5/Unreal Projects/TheLostPirate/Content/Pirate/Textures/Pirate_Details_Weapon/T_Pirate_Details_Weapons_Metallic.uexp" 508
"C:/UE5/Unreal Projects/TheLostPirate/Content/Pirate/Textures/Pirate_Details_Weapon/T_Pirate_Details_Weapons_Albedo.ubulk" 509
"C:/UE5/Unreal Projects/TheLostPirate/Content/Pirate/Textures/Pirate_Details_Weapon/T_Pirate_Details_Weapons_Albedo.uasset" 510
"C:/UE5/Unreal Projects/TheLostPirate/Content/Pirate/Textures/Pirate_Details_Weapon/T_Pirate_Details_Weapons_Albedo.uexp" 511
"C:/UE5/Unreal Projects/TheLostPirate/Content/Pirate/Textures/Pirate_Details_Weapon/T_Pirate_Details_Weapons_Normals.ubulk" 512
"C:/UE5/Unreal Projects/TheLostPirate/Content/Pirate/Textures/Pirate_Details_Weapon/T_Pirate_Details_Weapons_Normals.uasset" 513
"C:/UE5/Unreal Projects/TheLostPirate/Content/Pirate/Textures/Pirate_Details_Weapon/T_Pirate_Details_Weapons_Normals.uexp" 514
"C:/UE5/Unreal Projects/TheLostPirate/Content/Pirate/Materials/M_Pirate_Details_Weapon.uasset" 515
"C:/UE5/Unreal Projects/TheLostPirate/Content/Pirate/Materials/M_Pirate_Details_Weapon.uexp" 516
"C:/UE5/Unreal Projects/TheLostPirate/Content/Pirate/Mesh_UE4/Full/SK_Pirate_Full_02_PhysicsAsset.uasset" 517
"C:/UE5/Unreal Projects/TheLostPirate/Content/Pirate/Mesh_UE4/Full/SK_Pirate_Full_02_PhysicsAsset.uexp" 518
"C:/UE5/Unreal Projects/TheLostPirate/Content/Pirate/Textures/Pirate_Hair/T_Pirate_Hair_Alpha.ubulk" 519
"C:/UE5/Unreal Projects/TheLostPirate/Content/Pirate/Textures/Pirate_Hair/T_Pirate_Hair_Alpha.uasset" 520
"C:/UE5/Unreal Projects/TheLostPirate/Content/Pirate/Textures/Pirate_Hair/T_Pirate_Hair_Alpha.uexp" 521
"C:/UE5/Unreal Projects/TheLostPirate/Content/Pirate/Textures/Pirate_Hair/T_Pirate_Hair_Albedo_01.ubulk" 522
"C:/UE5/Unreal Projects/TheLostPirate/Content/Pirate/Textures/Pirate_Hair/T_Pirate_Hair_Albedo_01.uasset" 523
"C:/UE5/Unreal Projects/TheLostPirate/Content/Pirate/Textures/Pirate_Hair/T_Pirate_Hair_Albedo_01.uexp" 524
"C:/UE5/Unreal Projects/TheLostPirate/Content/Pirate/Textures/Pirate_Hair/T_Pirate_Hair_Hair_Metallic.ubulk" 525
"C:/UE5/Unreal Projects/TheLostPirate/Content/Pirate/Textures/Pirate_Hair/T_Pirate_Hair_Hair_Metallic.uasset" 526
"C:/UE5/Unreal Projects/TheLostPirate/Content/Pirate/Textures/Pirate_Hair/T_Pirate_Hair_Hair_Metallic.uexp" 527
"C:/UE5/Unreal Projects/TheLostPirate/Content/Pirate/Textures/Pirate_Hair/T_Pirate_Hair_Hair_Ao.ubulk" 528
"C:/UE5/Unreal Projects/TheLostPirate/Content/Pirate/Textures/Pirate_Hair/T_Pirate_Hair_Hair_Ao.uasset" 529
"C:/UE5/Unreal Projects/TheLostPirate/Content/Pirate/Textures/Pirate_Hair/T_Pirate_Hair_Hair_Ao.uexp" 530
"C:/UE5/Unreal Projects/TheLostPirate/Content/Pirate/Textures/Pirate_Hair/T_Pirate_Hair_Hair_Normals.ubulk" 531
"C:/UE5/Unreal Projects/TheLostPirate/Content/Pirate/Textures/Pirate_Hair/T_Pirate_Hair_Hair_Normals.uasset" 532
"C:/UE5/Unreal Projects/TheLostPirate/Content/Pirate/Textures/Pirate_Hair/T_Pirate_Hair_Hair_Normals.uexp" 533
"C:/UE5/Unreal Projects/TheLostPirate/Content/Pirate/Materials/M_Pirate_Hair_1.uasset" 534
"C:/UE5/Unreal Projects/TheLostPirate/Content/Pirate/Materials/M_Pirate_Hair_1.uexp" 535
"C:/UE5/Unreal Projects/TheLostPirate/Content/Pirate/Mesh_UE4/Full/SK_Pirate_Full_02.uasset" 536
"C:/UE5/Unreal Projects/TheLostPirate/Content/Pirate/Mesh_UE4/Full/SK_Pirate_Full_02.uexp" 537
"../../../Engine/Content/EngineMaterials/T_Default_Material_Grid_M.ubulk" 538
"../../../Engine/Content/EngineMaterials/T_Default_Material_Grid_M.uasset" 539
"../../../Engine/Content/EngineMaterials/T_Default_Material_Grid_M.uexp" 540
"../../../Engine/Content/EngineMaterials/T_Default_Material_Grid_N.ubulk" 541
"../../../Engine/Content/EngineMaterials/T_Default_Material_Grid_N.uasset" 542
"../../../Engine/Content/EngineMaterials/T_Default_Material_Grid_N.uexp" 543
"../../../Engine/Content/Functions/Engine_MaterialFunctions01/Opacity/CameraDepthFade.uasset" 544
"../../../Engine/Content/Functions/Engine_MaterialFunctions01/Opacity/CameraDepthFade.uexp" 545
"../../../Engine/Content/EngineMaterials/WorldGridMaterial.uasset" 546
"../../../Engine/Content/EngineMaterials/WorldGridMaterial.uexp" 547
"../../../Engine/Content/ArtTools/RenderToTexture/Meshes/S_1_Unit_Plane.ubulk" 548
"../../../Engine/Content/ArtTools/RenderToTexture/Meshes/S_1_Unit_Plane.uasset" 549
"../../../Engine/Content/ArtTools/RenderToTexture/Meshes/S_1_Unit_Plane.uexp" 550
"../../../Engine/Content/EngineMaterials/DefaultMaterial.uasset" 551
"../../../Engine/Content/EngineMaterials/DefaultMaterial.uexp" 552
"../../../Engine/Content/BasicShapes/Sphere.ubulk" 553
"../../../Engine/Content/BasicShapes/Sphere.uasset" 554
"../../../Engine/Content/BasicShapes/Sphere.uexp" 555
"../../../Engine/Content/BasicShapes/Plane.ubulk" 556
"../../../Engine/Content/BasicShapes/Plane.uasset" 557
"../../../Engine/Content/BasicShapes/Plane.uexp" 558
"../../../Engine/Content/BasicShapes/Cylinder.ubulk" 559
"../../../Engine/Content/BasicShapes/Cylinder.uasset" 560
"../../../Engine/Content/BasicShapes/Cylinder.uexp" 561
"../../../Engine/Content/BasicShapes/Cone.ubulk" 562
"../../../Engine/Content/BasicShapes/Cone.uasset" 563
"../../../Engine/Content/BasicShapes/Cone.uexp" 564
"../../../Engine/Content/Functions/Engine_MaterialFunctions02/SafeNormalize.uasset" 565
"../../../Engine/Content/Functions/Engine_MaterialFunctions02/SafeNormalize.uexp" 566
"../../../Engine/Content/Functions/Engine_MaterialFunctions02/Utility/MakeFloat4.uasset" 567
"../../../Engine/Content/Functions/Engine_MaterialFunctions02/Utility/MakeFloat4.uexp" 568
"../../../Engine/Content/Functions/Engine_MaterialFunctions02/Utility/MakeFloat3.uasset" 569
"../../../Engine/Content/Functions/Engine_MaterialFunctions02/Utility/MakeFloat3.uexp" 570
"../../../Engine/Content/EngineDamageTypes/DmgTypeBP_Environmental.uasset" 571
"../../../Engine/Content/EngineDamageTypes/DmgTypeBP_Environmental.uexp" 572
"../../../Engine/Content/Functions/Engine_MaterialFunctions02/Utility/CameraDirectionVector.uasset" 573
"../../../Engine/Content/Functions/Engine_MaterialFunctions02/Utility/CameraDirectionVector.uexp" 574
"../../../Engine/Content/EngineDebugMaterials/VolumeToRender.uasset" 575
"../../../Engine/Content/EngineDebugMaterials/VolumeToRender.uexp" 576
"../../../Engine/Content/EngineDebugMaterials/M_VolumeRenderSphereTracePP.uasset" 577
"../../../Engine/Content/EngineDebugMaterials/M_VolumeRenderSphereTracePP.uexp" 578
"../../../Engine/Content/EngineDebugMaterials/M_SimpleUnlitTranslucent.uasset" 579
"../../../Engine/Content/EngineDebugMaterials/M_SimpleUnlitTranslucent.uexp" 580
"../../../Engine/Content/EngineDebugMaterials/DebugMeshMaterial.uasset" 581
"../../../Engine/Content/EngineDebugMaterials/DebugMeshMaterial.uexp" 582
"../../../Engine/Content/EngineDebugMaterials/DebugEditorMaterial.uasset" 583
"../../../Engine/Content/EngineDebugMaterials/DebugEditorMaterial.uexp" 584
"../../../Engine/Content/EngineFonts/Faces/RobotoLight.uexp" 585
"../../../Engine/Content/EngineFonts/Faces/RobotoLight.uasset" 586
"../../../Engine/Content/EngineFonts/Faces/RobotoLight.ufont" 587
"../../../Engine/Content/EngineFonts/Faces/RobotoBold.uexp" 588
"../../../Engine/Content/EngineFonts/Faces/RobotoBold.uasset" 589
"../../../Engine/Content/EngineFonts/Faces/RobotoBold.ufont" 590
"../../../Engine/Content/EngineFonts/Faces/RobotoRegular.uexp" 591
"../../../Engine/Content/EngineFonts/Faces/RobotoRegular.uasset" 592
"../../../Engine/Content/EngineFonts/Faces/RobotoRegular.ufont" 593
"../../../Engine/Content/EngineFonts/Faces/DroidSansFallback.uexp" 594
"../../../Engine/Content/EngineFonts/Faces/DroidSansFallback.uasset" 595
"../../../Engine/Content/EngineFonts/Faces/DroidSansFallback.ufont" 596
"../../../Engine/Content/EngineFonts/Faces/RobotoItalic.uexp" 597
"../../../Engine/Content/EngineFonts/Faces/RobotoItalic.uasset" 598
"../../../Engine/Content/EngineFonts/Faces/RobotoItalic.ufont" 599
"../../../Engine/Content/EngineFonts/Faces/RobotoBoldItalic.uexp" 600
"../../../Engine/Content/EngineFonts/Faces/RobotoBoldItalic.uasset" 601
"../../../Engine/Content/EngineFonts/Faces/RobotoBoldItalic.ufont" 602
"../../../Engine/Content/EngineFonts/Roboto.uasset" 603
"../../../Engine/Content/EngineFonts/Roboto.uexp" 604
"../../../Engine/Content/EngineMaterials/Widget3DPassThrough.uasset" 605
"../../../Engine/Content/EngineMaterials/Widget3DPassThrough.uexp" 606
"../../../Engine/Content/EngineMaterials/Widget3DPassThrough_Translucent.uasset" 607
"../../../Engine/Content/EngineMaterials/Widget3DPassThrough_Translucent.uexp" 608
"../../../Engine/Content/EngineMaterials/Widget3DPassThrough_Translucent_OneSided.uasset" 609
"../../../Engine/Content/EngineMaterials/Widget3DPassThrough_Translucent_OneSided.uexp" 610
"../../../Engine/Content/EngineMaterials/Widget3DPassThrough_Opaque.uasset" 611
"../../../Engine/Content/EngineMaterials/Widget3DPassThrough_Opaque.uexp" 612
"../../../Engine/Content/EngineMaterials/Widget3DPassThrough_Opaque_OneSided.uasset" 613
"../../../Engine/Content/EngineMaterials/Widget3DPassThrough_Opaque_OneSided.uexp" 614
"../../../Engine/Content/EngineMaterials/Widget3DPassThrough_Masked_OneSided.uasset" 615
"../../../Engine/Content/EngineMaterials/Widget3DPassThrough_Masked_OneSided.uexp" 616
"../../../Engine/Content/EngineMaterials/Widget3DPassThrough_Masked.uasset" 617
"../../../Engine/Content/EngineMaterials/Widget3DPassThrough_Masked.uexp" 618
"../../../Engine/Content/EngineMaterials/WeightMapPlaceholderTexture.uasset" 619
"../../../Engine/Content/EngineMaterials/WeightMapPlaceholderTexture.uexp" 620
"../../../Engine/Content/EngineMaterials/RemoveSurfaceMaterial.uasset" 621
"../../../Engine/Content/EngineMaterials/RemoveSurfaceMaterial.uexp" 622
"../../../Engine/Content/EngineMeshes/Sphere.ubulk" 623
"../../../Engine/Content/EngineMeshes/Sphere.uasset" 624
"../../../Engine/Content/EngineMeshes/Sphere.uexp" 625
"../../../Engine/Content/EngineMaterials/PreintegratedSkinBRDF.uasset" 626
"../../../Engine/Content/EngineMaterials/PreintegratedSkinBRDF.uexp" 627
"../../../Engine/Content/EngineMaterials/DefaultCalibrationGrayscale.uasset" 628
"../../../Engine/Content/EngineMaterials/DefaultCalibrationGrayscale.uexp" 629
"../../../Engine/Content/EngineMaterials/PPM_DefaultCalibrationGrayscale.uasset" 630
"../../../Engine/Content/EngineMaterials/PPM_DefaultCalibrationGrayscale.uexp" 631
"../../../Engine/Content/EngineMaterials/DefaultCalibrationColor.uasset" 632
"../../../Engine/Content/EngineMaterials/DefaultCalibrationColor.uexp" 633
"../../../Engine/Content/EngineMaterials/PPM_DefaultCalibrationColor.uasset" 634
"../../../Engine/Content/EngineMaterials/PPM_DefaultCalibrationColor.uexp" 635
"../../../Engine/Content/EngineMaterials/PhAT_JointLimitMaterial.uasset" 636
"../../../Engine/Content/EngineMaterials/PhAT_JointLimitMaterial.uexp" 637
"../../../Engine/Content/EngineMaterials/InvalidLightmapSettings.ubulk" 638
"../../../Engine/Content/EngineMaterials/InvalidLightmapSettings.uasset" 639
"../../../Engine/Content/EngineMaterials/InvalidLightmapSettings.uexp" 640
"../../../Engine/Content/EngineMaterials/M_InvalidLightmapSettings.uasset" 641
"../../../Engine/Content/EngineMaterials/M_InvalidLightmapSettings.uexp" 642
"../../../Engine/Content/EngineMaterials/MiniFont.uasset" 643
"../../../Engine/Content/EngineMaterials/MiniFont.uexp" 644
"../../../Engine/Content/EngineMaterials/GizmoMaterial.uasset" 645
"../../../Engine/Content/EngineMaterials/GizmoMaterial.uexp" 646
"../../../Engine/Content/EngineMaterials/BaseFlattenEmissiveMap_VT.uasset" 647
"../../../Engine/Content/EngineMaterials/BaseFlattenEmissiveMap_VT.uexp" 648
"../../../Engine/Content/EngineMaterials/BaseFlattenGrayscaleMap_VT.uasset" 649
"../../../Engine/Content/EngineMaterials/BaseFlattenGrayscaleMap_VT.uexp" 650
"../../../Engine/Content/EngineMaterials/BaseFlattenLinearColor_VT.uasset" 651
"../../../Engine/Content/EngineMaterials/BaseFlattenLinearColor_VT.uexp" 652
"../../../Engine/Content/EngineMaterials/Black_1x1_EXR_Texture_VT.uasset" 653
"../../../Engine/Content/EngineMaterials/Black_1x1_EXR_Texture_VT.uexp" 654
"../../../Engine/Content/EngineMaterials/BaseFlattenDiffuseMap_VT.uasset" 655
"../../../Engine/Content/EngineMaterials/BaseFlattenDiffuseMap_VT.uexp" 656
"../../../Engine/Content/EngineMaterials/BaseFlattenNormalMap_VT.uasset" 657
"../../../Engine/Content/EngineMaterials/BaseFlattenNormalMap_VT.uexp" 658
"../../../Engine/Content/EngineMaterials/FlattenMaterial_WS_Normal_VT.uasset" 659
"../../../Engine/Content/EngineMaterials/FlattenMaterial_WS_Normal_VT.uexp" 660
"../../../Engine/Content/EngineMaterials/FlattenMaterial_VT.uasset" 661
"../../../Engine/Content/EngineMaterials/FlattenMaterial_VT.uexp" 662
"../../../Engine/Content/EngineMaterials/BaseFlattenGrayscaleMap.uasset" 663
"../../../Engine/Content/EngineMaterials/BaseFlattenGrayscaleMap.uexp" 664
"../../../Engine/Content/EngineMaterials/BaseFlattenDiffuseMap.uasset" 665
"../../../Engine/Content/EngineMaterials/BaseFlattenDiffuseMap.uexp" 666
"../../../Engine/Content/Functions/Engine_MaterialFunctions02/PivotPainter2/Black_1x1_EXR_Texture.uasset" 667
"../../../Engine/Content/Functions/Engine_MaterialFunctions02/PivotPainter2/Black_1x1_EXR_Texture.uexp" 668
"../../../Engine/Content/EngineMaterials/BaseFlattenEmissiveMap.uasset" 669
"../../../Engine/Content/EngineMaterials/BaseFlattenEmissiveMap.uexp" 670
"../../../Engine/Content/EngineMaterials/BaseFlattenLinearColor.uasset" 671
"../../../Engine/Content/EngineMaterials/BaseFlattenLinearColor.uexp" 672
"../../../Engine/Content/EngineMaterials/FlattenMaterial.uasset" 673
"../../../Engine/Content/EngineMaterials/FlattenMaterial.uexp" 674
"../../../Engine/Content/EngineMaterials/DefaultWhiteGrid_Low.uasset" 675
"../../../Engine/Content/EngineMaterials/DefaultWhiteGrid_Low.uexp" 676
"../../../Engine/Content/EngineMaterials/EmissiveMeshMaterial.uasset" 677
"../../../Engine/Content/EngineMaterials/EmissiveMeshMaterial.uexp" 678
"../../../Engine/Content/EngineMaterials/DefaultWhiteGrid.ubulk" 679
"../../../Engine/Content/EngineMaterials/DefaultWhiteGrid.uasset" 680
"../../../Engine/Content/EngineMaterials/DefaultWhiteGrid.uexp" 681
"../../../Engine/Content/EngineFonts/RobotoDistanceField.uasset" 682
"../../../Engine/Content/EngineFonts/RobotoDistanceField.uexp" 683
"../../../Engine/Content/EngineMaterials/DefaultTextMaterialOpaque.uasset" 684
"../../../Engine/Content/EngineMaterials/DefaultTextMaterialOpaque.uexp" 685
"../../../Engine/Content/EngineMaterials/DefaultPostProcessMaterial.uasset" 686
"../../../Engine/Content/EngineMaterials/DefaultPostProcessMaterial.uexp" 687
"../../../Engine/Content/EngineMaterials/DefaultPhysicalMaterial.uasset" 688
"../../../Engine/Content/EngineMaterials/DefaultPhysicalMaterial.uexp" 689
"../../../Engine/Content/EngineMaterials/DefaultLightFunctionMaterial.uasset" 690
"../../../Engine/Content/EngineMaterials/DefaultLightFunctionMaterial.uexp" 691
"../../../Engine/Content/EngineMaterials/DefaultDestructiblePhysicalMaterial.uasset" 692
"../../../Engine/Content/EngineMaterials/DefaultDestructiblePhysicalMaterial.uexp" 693
"../../../Engine/Content/EngineMaterials/DefaultDeferredDecalMaterial.uasset" 694
"../../../Engine/Content/EngineMaterials/DefaultDeferredDecalMaterial.uexp" 695
"../../../Engine/Content/EngineMaterials/DefaultBokeh.uasset" 696
"../../../Engine/Content/EngineMaterials/DefaultBokeh.uexp" 697
"../../../Engine/Content/EngineMaterials/DefaultBloomKernel.uasset" 698
"../../../Engine/Content/EngineMaterials/DefaultBloomKernel.uexp" 699
"../../../Engine/Content/EngineMaterials/BlueNoise.uasset" 700
"../../../Engine/Content/EngineMaterials/BlueNoise.uexp" 701
"../../../Engine/Content/EngineResources/GradientTexture0.uasset" 702
"../../../Engine/Content/EngineResources/GradientTexture0.uexp" 703
"../../../Engine/Content/EngineResources/DefaultVolumeTexture2D.uasset" 704
"../../../Engine/Content/EngineResources/DefaultVolumeTexture2D.uexp" 705
"../../../Engine/Content/EngineResources/DefaultVolumeTexture.uasset" 706
"../../../Engine/Content/EngineResources/DefaultVolumeTexture.uexp" 707
"../../../Engine/Content/EngineResources/DefaultTextureCube.uasset" 708
"../../../Engine/Content/EngineResources/DefaultTextureCube.uexp" 709
"../../../Engine/Content/EngineResources/FilmGrains/Marcie_Grain_v3_128_M2_000.uasset" 710
"../../../Engine/Content/EngineResources/FilmGrains/Marcie_Grain_v3_128_M2_000.uexp" 711
"../../../Engine/Content/EngineSky/VolumetricClouds/CloudWeatherTexture.uasset" 712
"../../../Engine/Content/EngineSky/VolumetricClouds/CloudWeatherTexture.uexp" 713
"../../../Engine/Content/EngineSky/VolumetricClouds/CloudGradientTexture.uasset" 714
"../../../Engine/Content/EngineSky/VolumetricClouds/CloudGradientTexture.uexp" 715
"../../../Engine/Content/EngineSky/VolumetricClouds/T_NoiseShape64.ubulk" 716
"../../../Engine/Content/EngineSky/VolumetricClouds/T_NoiseShape64.uasset" 717
"../../../Engine/Content/EngineSky/VolumetricClouds/T_NoiseShape64.uexp" 718
"../../../Engine/Content/EngineSky/VolumetricClouds/T_VolumeNoiseShape64.uasset" 719
"../../../Engine/Content/EngineSky/VolumetricClouds/T_VolumeNoiseShape64.uexp" 720
"../../../Engine/Content/EngineSky/VolumetricClouds/T_NoiseErosion.ubulk" 721
"../../../Engine/Content/EngineSky/VolumetricClouds/T_NoiseErosion.uasset" 722
"../../../Engine/Content/EngineSky/VolumetricClouds/T_NoiseErosion.uexp" 723
"../../../Engine/Content/EngineSky/VolumetricClouds/T_VolumeNoiseErosion32.uasset" 724
"../../../Engine/Content/EngineSky/VolumetricClouds/T_VolumeNoiseErosion32.uexp" 725
"../../../Engine/Content/EngineSky/VolumetricClouds/m_SimpleVolumetricCloud.uasset" 726
"../../../Engine/Content/EngineSky/VolumetricClouds/m_SimpleVolumetricCloud.uexp" 727
"../../../Engine/Content/EngineSky/VolumetricClouds/m_SimpleVolumetricCloud_Inst.uasset" 728
"../../../Engine/Content/EngineSky/VolumetricClouds/m_SimpleVolumetricCloud_Inst.uexp" 729
"../../../Engine/Content/EngineSounds/Master.uasset" 730
"../../../Engine/Content/EngineSounds/Master.uexp" 731
"../../../Engine/Content/Functions/Engine_MaterialFunctions01/Shading/PowerToRoughness.uasset" 732
"../../../Engine/Content/Functions/Engine_MaterialFunctions01/Shading/PowerToRoughness.uexp" 733
"../../../Engine/Content/Functions/Engine_MaterialFunctions01/Shading/ConvertFromDiffSpec.uasset" 734
"../../../Engine/Content/Functions/Engine_MaterialFunctions01/Shading/ConvertFromDiffSpec.uexp" 735
"../../../Engine/Content/MobileResources/HUD/VirtualJoystick_Background.uasset" 736
"../../../Engine/Content/MobileResources/HUD/VirtualJoystick_Background.uexp" 737
"../../../Engine/Content/MobileResources/HUD/VirtualJoystick_Thumb.uasset" 738
"../../../Engine/Content/MobileResources/HUD/VirtualJoystick_Thumb.uexp" 739
"../../../Engine/Content/MobileResources/HUD/DefaultVirtualJoysticks.uasset" 740
"../../../Engine/Content/MobileResources/HUD/DefaultVirtualJoysticks.uexp" 741
"../../../Engine/Content/Tutorial/ContentIntroCurve.uasset" 742
"../../../Engine/Content/Tutorial/ContentIntroCurve.uexp" 743
"../../../Engine/Plugins/2D/Paper2D/Content/PlaceholderTextures/DummySpriteTexture.ubulk" 744
"../../../Engine/Plugins/2D/Paper2D/Content/PlaceholderTextures/DummySpriteTexture.uasset" 745
"../../../Engine/Plugins/2D/Paper2D/Content/PlaceholderTextures/DummySpriteTexture.uexp" 746
"../../../Engine/Plugins/2D/Paper2D/Content/DefaultSpriteMaterial.uasset" 747
"../../../Engine/Plugins/2D/Paper2D/Content/DefaultSpriteMaterial.uexp" 748
"../../../Engine/Plugins/2D/Paper2D/Content/OpaqueUnlitSpriteMaterial.uasset" 749
"../../../Engine/Plugins/2D/Paper2D/Content/OpaqueUnlitSpriteMaterial.uexp" 750
"../../../Engine/Plugins/2D/Paper2D/Content/MaskedUnlitSpriteMaterial.uasset" 751
"../../../Engine/Plugins/2D/Paper2D/Content/MaskedUnlitSpriteMaterial.uexp" 752
"../../../Engine/Plugins/2D/Paper2D/Content/DummySprite.uasset" 753
"../../../Engine/Plugins/2D/Paper2D/Content/DummySprite.uexp" 754
"../../../Engine/Plugins/2D/Paper2D/Content/DefaultPaperTerrainMaterial.uasset" 755
"../../../Engine/Plugins/2D/Paper2D/Content/DefaultPaperTerrainMaterial.uexp" 756
"../../../Engine/Plugins/Animation/ControlRig/Content/M_Manip.uasset" 757
"../../../Engine/Plugins/Animation/ControlRig/Content/M_Manip.uexp" 758
"../../../Engine/Plugins/Animation/ControlRig/Content/Controls/DefaultGizmoLibraryNormalized.uasset" 759
"../../../Engine/Plugins/Animation/ControlRig/Content/Controls/DefaultGizmoLibraryNormalized.uexp" 760
"../../../Engine/Plugins/Animation/ControlRig/Content/Controls/ControlRig_Wedge_solid.ubulk" 761
"../../../Engine/Plugins/Animation/ControlRig/Content/Controls/ControlRig_Wedge_solid.uasset" 762
"../../../Engine/Plugins/Animation/ControlRig/Content/Controls/ControlRig_Wedge_solid.uexp" 763
"../../../Engine/Plugins/Animation/ControlRig/Content/Controls/ControlRig_Wedge_3mm.ubulk" 764
"../../../Engine/Plugins/Animation/ControlRig/Content/Controls/ControlRig_Wedge_3mm.uasset" 765
"../../../Engine/Plugins/Animation/ControlRig/Content/Controls/ControlRig_Wedge_3mm.uexp" 766
"../../../Engine/Plugins/Animation/ControlRig/Content/Controls/ControlRig_Wedge_1mm.ubulk" 767
"../../../Engine/Plugins/Animation/ControlRig/Content/Controls/ControlRig_Wedge_1mm.uasset" 768
"../../../Engine/Plugins/Animation/ControlRig/Content/Controls/ControlRig_Wedge_1mm.uexp" 769
"../../../Engine/Plugins/Animation/ControlRig/Content/Controls/ControlRig_Triangle_solid.ubulk" 770
"../../../Engine/Plugins/Animation/ControlRig/Content/Controls/ControlRig_Triangle_solid.uasset" 771
"../../../Engine/Plugins/Animation/ControlRig/Content/Controls/ControlRig_Triangle_solid.uexp" 772
"../../../Engine/Plugins/Animation/ControlRig/Content/Controls/ControlRig_Triangle_3mm.ubulk" 773
"../../../Engine/Plugins/Animation/ControlRig/Content/Controls/ControlRig_Triangle_3mm.uasset" 774
"../../../Engine/Plugins/Animation/ControlRig/Content/Controls/ControlRig_Triangle_3mm.uexp" 775
"../../../Engine/Plugins/Animation/ControlRig/Content/Controls/ControlRig_Triangle_1mm.ubulk" 776
"../../../Engine/Plugins/Animation/ControlRig/Content/Controls/ControlRig_Triangle_1mm.uasset" 777
"../../../Engine/Plugins/Animation/ControlRig/Content/Controls/ControlRig_Triangle_1mm.uexp" 778
"../../../Engine/Plugins/Animation/ControlRig/Content/Controls/ControlRig_Star4_solid.ubulk" 779
"../../../Engine/Plugins/Animation/ControlRig/Content/Controls/ControlRig_Star4_solid.uasset" 780
"../../../Engine/Plugins/Animation/ControlRig/Content/Controls/ControlRig_Star4_solid.uexp" 781
"../../../Engine/Plugins/Animation/ControlRig/Content/Controls/ControlRig_Star4_3mm.ubulk" 782
"../../../Engine/Plugins/Animation/ControlRig/Content/Controls/ControlRig_Star4_3mm.uasset" 783
"../../../Engine/Plugins/Animation/ControlRig/Content/Controls/ControlRig_Star4_3mm.uexp" 784
"../../../Engine/Plugins/Animation/ControlRig/Content/Controls/ControlRig_Star4_1mm.ubulk" 785
"../../../Engine/Plugins/Animation/ControlRig/Content/Controls/ControlRig_Star4_1mm.uasset" 786
"../../../Engine/Plugins/Animation/ControlRig/Content/Controls/ControlRig_Star4_1mm.uexp" 787
"../../../Engine/Plugins/Animation/ControlRig/Content/Controls/ControlRig_Square_solid.ubulk" 788
"../../../Engine/Plugins/Animation/ControlRig/Content/Controls/ControlRig_Square_solid.uasset" 789
"../../../Engine/Plugins/Animation/ControlRig/Content/Controls/ControlRig_Square_solid.uexp" 790
"../../../Engine/Plugins/Animation/ControlRig/Content/Controls/ControlRig_Square_3mm.ubulk" 791
"../../../Engine/Plugins/Animation/ControlRig/Content/Controls/ControlRig_Square_3mm.uasset" 792
"../../../Engine/Plugins/Animation/ControlRig/Content/Controls/ControlRig_Square_3mm.uexp" 793
"../../../Engine/Plugins/Animation/ControlRig/Content/Controls/ControlRig_Square_1mm.ubulk" 794
"../../../Engine/Plugins/Animation/ControlRig/Content/Controls/ControlRig_Square_1mm.uasset" 795
"../../../Engine/Plugins/Animation/ControlRig/Content/Controls/ControlRig_Square_1mm.uexp" 796
"../../../Engine/Plugins/Animation/ControlRig/Content/Controls/ControlRig_Sphere_solid.ubulk" 797
"../../../Engine/Plugins/Animation/ControlRig/Content/Controls/ControlRig_Sphere_solid.uasset" 798
"../../../Engine/Plugins/Animation/ControlRig/Content/Controls/ControlRig_Sphere_solid.uexp" 799
"../../../Engine/Plugins/Animation/ControlRig/Content/Controls/ControlRig_Sphere_3mm.ubulk" 800
"../../../Engine/Plugins/Animation/ControlRig/Content/Controls/ControlRig_Sphere_3mm.uasset" 801
"../../../Engine/Plugins/Animation/ControlRig/Content/Controls/ControlRig_Sphere_3mm.uexp" 802
"../../../Engine/Plugins/Animation/ControlRig/Content/Controls/ControlRig_Sphere_1mm.ubulk" 803
"../../../Engine/Plugins/Animation/ControlRig/Content/Controls/ControlRig_Sphere_1mm.uasset" 804
"../../../Engine/Plugins/Animation/ControlRig/Content/Controls/ControlRig_Sphere_1mm.uexp" 805
"../../../Engine/Plugins/Animation/ControlRig/Content/Controls/ControlRig_RoundedTriangle_solid.ubulk" 806
"../../../Engine/Plugins/Animation/ControlRig/Content/Controls/ControlRig_RoundedTriangle_solid.uasset" 807
"../../../Engine/Plugins/Animation/ControlRig/Content/Controls/ControlRig_RoundedTriangle_solid.uexp" 808
"../../../Engine/Plugins/Animation/ControlRig/Content/Controls/ControlRig_RoundedTriangle_3mm.ubulk" 809
"../../../Engine/Plugins/Animation/ControlRig/Content/Controls/ControlRig_RoundedTriangle_3mm.uasset" 810
"../../../Engine/Plugins/Animation/ControlRig/Content/Controls/ControlRig_RoundedTriangle_3mm.uexp" 811
"../../../Engine/Plugins/Animation/ControlRig/Content/Controls/ControlRig_RoundedTriangle_1mm.ubulk" 812
"../../../Engine/Plugins/Animation/ControlRig/Content/Controls/ControlRig_RoundedTriangle_1mm.uasset" 813
"../../../Engine/Plugins/Animation/ControlRig/Content/Controls/ControlRig_RoundedTriangle_1mm.uexp" 814
"../../../Engine/Plugins/Animation/ControlRig/Content/Controls/ControlRig_RoundedSquare_solid.ubulk" 815
"../../../Engine/Plugins/Animation/ControlRig/Content/Controls/ControlRig_RoundedSquare_solid.uasset" 816
"../../../Engine/Plugins/Animation/ControlRig/Content/Controls/ControlRig_RoundedSquare_solid.uexp" 817
"../../../Engine/Plugins/Animation/ControlRig/Content/Controls/ControlRig_RoundedSquare_3mm.ubulk" 818
"../../../Engine/Plugins/Animation/ControlRig/Content/Controls/ControlRig_RoundedSquare_3mm.uasset" 819
"../../../Engine/Plugins/Animation/ControlRig/Content/Controls/ControlRig_RoundedSquare_3mm.uexp" 820
"../../../Engine/Plugins/Animation/ControlRig/Content/Controls/ControlRig_RoundedSquare_1mm.ubulk" 821
"../../../Engine/Plugins/Animation/ControlRig/Content/Controls/ControlRig_RoundedSquare_1mm.uasset" 822
"../../../Engine/Plugins/Animation/ControlRig/Content/Controls/ControlRig_RoundedSquare_1mm.uexp" 823
"../../../Engine/Plugins/Animation/ControlRig/Content/Controls/ControlRig_QuarterCircle_solid.ubulk" 824
"../../../Engine/Plugins/Animation/ControlRig/Content/Controls/ControlRig_QuarterCircle_solid.uasset" 825
"../../../Engine/Plugins/Animation/ControlRig/Content/Controls/ControlRig_QuarterCircle_solid.uexp" 826
"../../../Engine/Plugins/Animation/ControlRig/Content/Controls/ControlRig_QuarterCircle_3mm.ubulk" 827
"../../../Engine/Plugins/Animation/ControlRig/Content/Controls/ControlRig_QuarterCircle_3mm.uasset" 828
"../../../Engine/Plugins/Animation/ControlRig/Content/Controls/ControlRig_QuarterCircle_3mm.uexp" 829
"../../../Engine/Plugins/Animation/ControlRig/Content/Controls/ControlRig_QuarterCircle_1mm.ubulk" 830
"../../../Engine/Plugins/Animation/ControlRig/Content/Controls/ControlRig_QuarterCircle_1mm.uasset" 831
"../../../Engine/Plugins/Animation/ControlRig/Content/Controls/ControlRig_QuarterCircle_1mm.uexp" 832
"../../../Engine/Plugins/Animation/ControlRig/Content/Controls/ControlRig_Pyramid_solid.ubulk" 833
"../../../Engine/Plugins/Animation/ControlRig/Content/Controls/ControlRig_Pyramid_solid.uasset" 834
"../../../Engine/Plugins/Animation/ControlRig/Content/Controls/ControlRig_Pyramid_solid.uexp" 835
"../../../Engine/Plugins/Animation/ControlRig/Content/Controls/ControlRig_Pyramid_3mm.ubulk" 836
"../../../Engine/Plugins/Animation/ControlRig/Content/Controls/ControlRig_Pyramid_3mm.uasset" 837
"../../../Engine/Plugins/Animation/ControlRig/Content/Controls/ControlRig_Pyramid_3mm.uexp" 838
"../../../Engine/Plugins/Animation/ControlRig/Content/Controls/ControlRig_Pyramid_1mm.ubulk" 839
"../../../Engine/Plugins/Animation/ControlRig/Content/Controls/ControlRig_Pyramid_1mm.uasset" 840
"../../../Engine/Plugins/Animation/ControlRig/Content/Controls/ControlRig_Pyramid_1mm.uexp" 841
"../../../Engine/Plugins/Animation/ControlRig/Content/Controls/ControlRig_Octagon_solid.ubulk" 842
"../../../Engine/Plugins/Animation/ControlRig/Content/Controls/ControlRig_Octagon_solid.uasset" 843
"../../../Engine/Plugins/Animation/ControlRig/Content/Controls/ControlRig_Octagon_solid.uexp" 844
"../../../Engine/Plugins/Animation/ControlRig/Content/Controls/ControlRig_Octagon_3mm.ubulk" 845
"../../../Engine/Plugins/Animation/ControlRig/Content/Controls/ControlRig_Octagon_3mm.uasset" 846
"../../../Engine/Plugins/Animation/ControlRig/Content/Controls/ControlRig_Octagon_3mm.uexp" 847
"../../../Engine/Plugins/Animation/ControlRig/Content/Controls/ControlRig_Octagon_1mm.ubulk" 848
"../../../Engine/Plugins/Animation/ControlRig/Content/Controls/ControlRig_Octagon_1mm.uasset" 849
"../../../Engine/Plugins/Animation/ControlRig/Content/Controls/ControlRig_Octagon_1mm.uexp" 850
"../../../Engine/Plugins/Animation/ControlRig/Content/Controls/ControlRig_Hexagon_solid.ubulk" 851
"../../../Engine/Plugins/Animation/ControlRig/Content/Controls/ControlRig_Hexagon_solid.uasset" 852
"../../../Engine/Plugins/Animation/ControlRig/Content/Controls/ControlRig_Hexagon_solid.uexp" 853
"../../../Engine/Plugins/Animation/ControlRig/Content/Controls/ControlRig_Hexagon_3mm.ubulk" 854
"../../../Engine/Plugins/Animation/ControlRig/Content/Controls/ControlRig_Hexagon_3mm.uasset" 855
"../../../Engine/Plugins/Animation/ControlRig/Content/Controls/ControlRig_Hexagon_3mm.uexp" 856
"../../../Engine/Plugins/Animation/ControlRig/Content/Controls/ControlRig_Hexagon_1mm.ubulk" 857
"../../../Engine/Plugins/Animation/ControlRig/Content/Controls/ControlRig_Hexagon_1mm.uasset" 858
"../../../Engine/Plugins/Animation/ControlRig/Content/Controls/ControlRig_Hexagon_1mm.uexp" 859
"../../../Engine/Plugins/Animation/ControlRig/Content/Controls/ControlRig_HalfCircle_solid.ubulk" 860
"../../../Engine/Plugins/Animation/ControlRig/Content/Controls/ControlRig_HalfCircle_solid.uasset" 861
"../../../Engine/Plugins/Animation/ControlRig/Content/Controls/ControlRig_HalfCircle_solid.uexp" 862
"../../../Engine/Plugins/Animation/ControlRig/Content/Controls/ControlRig_HalfCircle_3mm.ubulk" 863
"../../../Engine/Plugins/Animation/ControlRig/Content/Controls/ControlRig_HalfCircle_3mm.uasset" 864
"../../../Engine/Plugins/Animation/ControlRig/Content/Controls/ControlRig_HalfCircle_3mm.uexp" 865
"../../../Engine/Plugins/Animation/ControlRig/Content/Controls/ControlRig_HalfCircle_1mm.ubulk" 866
"../../../Engine/Plugins/Animation/ControlRig/Content/Controls/ControlRig_HalfCircle_1mm.uasset" 867
"../../../Engine/Plugins/Animation/ControlRig/Content/Controls/ControlRig_HalfCircle_1mm.uexp" 868
"../../../Engine/Plugins/Animation/ControlRig/Content/Controls/ControlRig_Diamond_solid.ubulk" 869
"../../../Engine/Plugins/Animation/ControlRig/Content/Controls/ControlRig_Diamond_solid.uasset" 870
"../../../Engine/Plugins/Animation/ControlRig/Content/Controls/ControlRig_Diamond_solid.uexp" 871
"../../../Engine/Plugins/Animation/ControlRig/Content/Controls/ControlRig_Diamond_3mm.ubulk" 872
"../../../Engine/Plugins/Animation/ControlRig/Content/Controls/ControlRig_Diamond_3mm.uasset" 873
"../../../Engine/Plugins/Animation/ControlRig/Content/Controls/ControlRig_Diamond_3mm.uexp" 874
"../../../Engine/Plugins/Animation/ControlRig/Content/Controls/ControlRig_Diamond_1mm.ubulk" 875
"../../../Engine/Plugins/Animation/ControlRig/Content/Controls/ControlRig_Diamond_1mm.uasset" 876
"../../../Engine/Plugins/Animation/ControlRig/Content/Controls/ControlRig_Diamond_1mm.uexp" 877
"../../../Engine/Plugins/Animation/ControlRig/Content/Controls/ControlRig_Circle_solid.ubulk" 878
"../../../Engine/Plugins/Animation/ControlRig/Content/Controls/ControlRig_Circle_solid.uasset" 879
"../../../Engine/Plugins/Animation/ControlRig/Content/Controls/ControlRig_Circle_solid.uexp" 880
"../../../Engine/Plugins/Animation/ControlRig/Content/Controls/ControlRig_Circle_3mm.ubulk" 881
"../../../Engine/Plugins/Animation/ControlRig/Content/Controls/ControlRig_Circle_3mm.uasset" 882
"../../../Engine/Plugins/Animation/ControlRig/Content/Controls/ControlRig_Circle_3mm.uexp" 883
"../../../Engine/Plugins/Animation/ControlRig/Content/Controls/ControlRig_Circle_1mm.ubulk" 884
"../../../Engine/Plugins/Animation/ControlRig/Content/Controls/ControlRig_Circle_1mm.uasset" 885
"../../../Engine/Plugins/Animation/ControlRig/Content/Controls/ControlRig_Circle_1mm.uexp" 886
"../../../Engine/Plugins/Animation/ControlRig/Content/Controls/ControlRig_Box_solid.ubulk" 887
"../../../Engine/Plugins/Animation/ControlRig/Content/Controls/ControlRig_Box_solid.uasset" 888
"../../../Engine/Plugins/Animation/ControlRig/Content/Controls/ControlRig_Box_solid.uexp" 889
"../../../Engine/Plugins/Animation/ControlRig/Content/Controls/ControlRig_Box_3mm.ubulk" 890
"../../../Engine/Plugins/Animation/ControlRig/Content/Controls/ControlRig_Box_3mm.uasset" 891
"../../../Engine/Plugins/Animation/ControlRig/Content/Controls/ControlRig_Box_3mm.uexp" 892
"../../../Engine/Plugins/Animation/ControlRig/Content/Controls/ControlRig_Box_1mm.ubulk" 893
"../../../Engine/Plugins/Animation/ControlRig/Content/Controls/ControlRig_Box_1mm.uasset" 894
"../../../Engine/Plugins/Animation/ControlRig/Content/Controls/ControlRig_Box_1mm.uexp" 895
"../../../Engine/Plugins/Animation/ControlRig/Content/Controls/ControlRig_Arrow_solid.ubulk" 896
"../../../Engine/Plugins/Animation/ControlRig/Content/Controls/ControlRig_Arrow_solid.uasset" 897
"../../../Engine/Plugins/Animation/ControlRig/Content/Controls/ControlRig_Arrow_solid.uexp" 898
"../../../Engine/Plugins/Animation/ControlRig/Content/Controls/ControlRig_Arrow_3mm.ubulk" 899
"../../../Engine/Plugins/Animation/ControlRig/Content/Controls/ControlRig_Arrow_3mm.uasset" 900
"../../../Engine/Plugins/Animation/ControlRig/Content/Controls/ControlRig_Arrow_3mm.uexp" 901
"../../../Engine/Plugins/Animation/ControlRig/Content/Controls/ControlRig_Arrow_1mm.ubulk" 902
"../../../Engine/Plugins/Animation/ControlRig/Content/Controls/ControlRig_Arrow_1mm.uasset" 903
"../../../Engine/Plugins/Animation/ControlRig/Content/Controls/ControlRig_Arrow_1mm.uexp" 904
"../../../Engine/Plugins/Animation/ControlRig/Content/Controls/ControlRig_Arrow4_solid.ubulk" 905
"../../../Engine/Plugins/Animation/ControlRig/Content/Controls/ControlRig_Arrow4_solid.uasset" 906
"../../../Engine/Plugins/Animation/ControlRig/Content/Controls/ControlRig_Arrow4_solid.uexp" 907
"../../../Engine/Plugins/Animation/ControlRig/Content/Controls/ControlRig_Arrow4_3mm.ubulk" 908
"../../../Engine/Plugins/Animation/ControlRig/Content/Controls/ControlRig_Arrow4_3mm.uasset" 909
"../../../Engine/Plugins/Animation/ControlRig/Content/Controls/ControlRig_Arrow4_3mm.uexp" 910
"../../../Engine/Plugins/Animation/ControlRig/Content/Controls/ControlRig_Arrow4_1mm.ubulk" 911
"../../../Engine/Plugins/Animation/ControlRig/Content/Controls/ControlRig_Arrow4_1mm.uasset" 912
"../../../Engine/Plugins/Animation/ControlRig/Content/Controls/ControlRig_Arrow4_1mm.uexp" 913
"../../../Engine/Plugins/Animation/ControlRig/Content/Controls/ControlRig_Arrow2_solid.ubulk" 914
"../../../Engine/Plugins/Animation/ControlRig/Content/Controls/ControlRig_Arrow2_solid.uasset" 915
"../../../Engine/Plugins/Animation/ControlRig/Content/Controls/ControlRig_Arrow2_solid.uexp" 916
"../../../Engine/Plugins/Animation/ControlRig/Content/Controls/ControlRig_Arrow2_3mm.ubulk" 917
"../../../Engine/Plugins/Animation/ControlRig/Content/Controls/ControlRig_Arrow2_3mm.uasset" 918
"../../../Engine/Plugins/Animation/ControlRig/Content/Controls/ControlRig_Arrow2_3mm.uexp" 919
"../../../Engine/Plugins/Animation/ControlRig/Content/Controls/ControlRig_Arrow2_1mm.ubulk" 920
"../../../Engine/Plugins/Animation/ControlRig/Content/Controls/ControlRig_Arrow2_1mm.uasset" 921
"../../../Engine/Plugins/Animation/ControlRig/Content/Controls/ControlRig_Arrow2_1mm.uexp" 922
"../../../Engine/Plugins/Animation/ControlRig/Content/Controls/ControlRigGizmoMaterial.uasset" 923
"../../../Engine/Plugins/Animation/ControlRig/Content/Controls/ControlRigGizmoMaterial.uexp" 924
"../../../Engine/Plugins/Editor/SpeedTreeImporter/Content/SpeedTree9/game_wind_noise.ubulk" 925
"../../../Engine/Plugins/Editor/SpeedTreeImporter/Content/SpeedTree9/game_wind_noise.uasset" 926
"../../../Engine/Plugins/Editor/SpeedTreeImporter/Content/SpeedTree9/game_wind_noise.uexp" 927
"../../../Engine/Plugins/Editor/SpeedTreeImporter/Content/SpeedTree9/UnpackDirection.uasset" 928
"../../../Engine/Plugins/Editor/SpeedTreeImporter/Content/SpeedTree9/UnpackDirection.uexp" 929
"../../../Engine/Content/Functions/Engine_MaterialFunctions02/ObjectLocalBounds.uasset" 930
"../../../Engine/Content/Functions/Engine_MaterialFunctions02/ObjectLocalBounds.uexp" 931
"../../../Engine/Content/Functions/Engine_MaterialFunctions02/UVs/BoundingBoxBased_0-1_UVW.uasset" 932
"../../../Engine/Content/Functions/Engine_MaterialFunctions02/UVs/BoundingBoxBased_0-1_UVW.uexp" 933
"../../../Engine/Plugins/Editor/SpeedTreeImporter/Content/SpeedTree9/UnpackInteger3.uasset" 934
"../../../Engine/Plugins/Editor/SpeedTreeImporter/Content/SpeedTree9/UnpackInteger3.uexp" 935
"../../../Engine/Plugins/Editor/SpeedTreeImporter/Content/SpeedTree9/SpeedTreeCameraFacing.uasset" 936
"../../../Engine/Plugins/Editor/SpeedTreeImporter/Content/SpeedTree9/SpeedTreeCameraFacing.uexp" 937
"../../../Engine/Content/Functions/Engine_MaterialFunctions02/WorldPositionOffset/ObjectScale.uasset" 938
"../../../Engine/Content/Functions/Engine_MaterialFunctions02/WorldPositionOffset/ObjectScale.uexp" 939
"../../../Engine/Plugins/Editor/SpeedTreeImporter/Content/SpeedTree9/SpeedTreeWindMotion.uasset" 940
"../../../Engine/Plugins/Editor/SpeedTreeImporter/Content/SpeedTree9/SpeedTreeWindMotion.uexp" 941
"../../../Engine/Plugins/Editor/SpeedTreeImporter/Content/SpeedTree9/SpeedTreeBranchMotion.uasset" 942
"../../../Engine/Plugins/Editor/SpeedTreeImporter/Content/SpeedTree9/SpeedTreeBranchMotion.uexp" 943
"../../../Engine/Plugins/Editor/SpeedTreeImporter/Content/SpeedTree9/SpeedTreeWind.uasset" 944
"../../../Engine/Plugins/Editor/SpeedTreeImporter/Content/SpeedTree9/SpeedTreeWind.uexp" 945
"../../../Engine/Plugins/Editor/SpeedTreeImporter/Content/SpeedTree9/EmptyNormal.uasset" 946
"../../../Engine/Plugins/Editor/SpeedTreeImporter/Content/SpeedTree9/EmptyNormal.uexp" 947
"../../../Engine/Plugins/Editor/SpeedTreeImporter/Content/SpeedTree9/Empty.uasset" 948
"../../../Engine/Plugins/Editor/SpeedTreeImporter/Content/SpeedTree9/Empty.uexp" 949
"../../../Engine/Plugins/Editor/SpeedTreeImporter/Content/SpeedTree9/SpeedTreeMaster.uasset" 950
"../../../Engine/Plugins/Editor/SpeedTreeImporter/Content/SpeedTree9/SpeedTreeMaster.uexp" 951
"../../../Engine/Plugins/Editor/SpeedTreeImporter/Content/SpeedTree9/SpeedTreeBillboard.uasset" 952
"../../../Engine/Plugins/Editor/SpeedTreeImporter/Content/SpeedTree9/SpeedTreeBillboard.uexp" 953
"../../../Engine/Plugins/Editor/SpeedTreeImporter/Content/SpeedTree9/SpeedTreeBillboardMaster.uasset" 954
"../../../Engine/Plugins/Editor/SpeedTreeImporter/Content/SpeedTree9/SpeedTreeBillboardMaster.uexp" 955
"../../../Engine/Plugins/Runtime/HairStrands/Content/Materials/HairMeshesDefaultMaterial.uasset" 956
"../../../Engine/Plugins/Runtime/HairStrands/Content/Materials/HairMeshesDefaultMaterial.uexp" 957
"../../../Engine/Plugins/Runtime/HairStrands/Content/Materials/HairDefaultMaterial.uasset" 958
"../../../Engine/Plugins/Runtime/HairStrands/Content/Materials/HairDefaultMaterial.uexp" 959
"../../../Engine/Plugins/Runtime/HairStrands/Content/Materials/HairGroupColors.uasset" 960
"../../../Engine/Plugins/Runtime/HairStrands/Content/Materials/HairGroupColors.uexp" 961
"../../../Engine/Content/EngineMaterials/HairColorMap.uasset" 962
"../../../Engine/Content/EngineMaterials/HairColorMap.uexp" 963
"../../../Engine/Content/EngineMaterials/HairDebugColor.uasset" 964
"../../../Engine/Content/EngineMaterials/HairDebugColor.uexp" 965
"../../../Engine/Plugins/Runtime/HairStrands/Content/Materials/HairDebugMaterial.uasset" 966
"../../../Engine/Plugins/Runtime/HairStrands/Content/Materials/HairDebugMaterial.uexp" 967
"../../../Engine/Plugins/Runtime/HairStrands/Content/Materials/HairCardsDefaultMaterial.uasset" 968
"../../../Engine/Plugins/Runtime/HairStrands/Content/Materials/HairCardsDefaultMaterial.uexp" 969
"C:/UE5/Unreal Projects/TheLostPirate/Content/Pirate/Mesh_UE4/Full/SK_Pirate_Full_01_PhysicsAsset.uasset" 970
"C:/UE5/Unreal Projects/TheLostPirate/Content/Pirate/Mesh_UE4/Full/SK_Pirate_Full_01_PhysicsAsset.uexp" 971
"C:/UE5/Unreal Projects/TheLostPirate/Content/Pirate/Mesh_UE4/Full/SK_Pirate_Full_01.uasset" 972
"C:/UE5/Unreal Projects/TheLostPirate/Content/Pirate/Mesh_UE4/Full/SK_Pirate_Full_01.uexp" 973
"C:/UE5/Unreal Projects/TheLostPirate/Content/AncientTreasures/Textures/Unique/TX_SandMaterial_01a_ALB.ubulk" 974
"C:/UE5/Unreal Projects/TheLostPirate/Content/AncientTreasures/Textures/Unique/TX_SandMaterial_01a_ALB.uasset" 975
"C:/UE5/Unreal Projects/TheLostPirate/Content/AncientTreasures/Textures/Unique/TX_SandMaterial_01a_ALB.uexp" 976
"C:/UE5/Unreal Projects/TheLostPirate/Content/AncientTreasures/Textures/Unique/TX_Coins_01b_ALB.ubulk" 977
"C:/UE5/Unreal Projects/TheLostPirate/Content/AncientTreasures/Textures/Unique/TX_Coins_01b_ALB.uasset" 978
"C:/UE5/Unreal Projects/TheLostPirate/Content/AncientTreasures/Textures/Unique/TX_Coins_01b_ALB.uexp" 979
"C:/UE5/Unreal Projects/TheLostPirate/Content/AncientTreasures/Textures/Unique/TX_Coins_01b_RMA.ubulk" 980
"C:/UE5/Unreal Projects/TheLostPirate/Content/AncientTreasures/Textures/Unique/TX_Coins_01b_RMA.uasset" 981
"C:/UE5/Unreal Projects/TheLostPirate/Content/AncientTreasures/Textures/Unique/TX_Coins_01b_RMA.uexp" 982
"C:/UE5/Unreal Projects/TheLostPirate/Content/AncientTreasures/Textures/Utility/TX_Fill_01a_H.ubulk" 983
"C:/UE5/Unreal Projects/TheLostPirate/Content/AncientTreasures/Textures/Utility/TX_Fill_01a_H.uasset" 984
"C:/UE5/Unreal Projects/TheLostPirate/Content/AncientTreasures/Textures/Utility/TX_Fill_01a_H.uexp" 985
"C:/UE5/Unreal Projects/TheLostPirate/Content/AncientTreasures/Textures/Unique/TX_SandMaterial_01a_NRM.ubulk" 986
"C:/UE5/Unreal Projects/TheLostPirate/Content/AncientTreasures/Textures/Unique/TX_SandMaterial_01a_NRM.uasset" 987
"C:/UE5/Unreal Projects/TheLostPirate/Content/AncientTreasures/Textures/Unique/TX_SandMaterial_01a_NRM.uexp" 988
"C:/UE5/Unreal Projects/TheLostPirate/Content/AncientTreasures/Textures/Unique/TX_Coins_01a_H.ubulk" 989
"C:/UE5/Unreal Projects/TheLostPirate/Content/AncientTreasures/Textures/Unique/TX_Coins_01a_H.uasset" 990
"C:/UE5/Unreal Projects/TheLostPirate/Content/AncientTreasures/Textures/Unique/TX_Coins_01a_H.uexp" 991
"C:/UE5/Unreal Projects/TheLostPirate/Content/AncientTreasures/Textures/Utility/TX_Fill_01a_ALB.ubulk" 992
"C:/UE5/Unreal Projects/TheLostPirate/Content/AncientTreasures/Textures/Utility/TX_Fill_01a_ALB.uasset" 993
"C:/UE5/Unreal Projects/TheLostPirate/Content/AncientTreasures/Textures/Utility/TX_Fill_01a_ALB.uexp" 994
"C:/UE5/Unreal Projects/TheLostPirate/Content/AncientTreasures/Textures/Utility/TX_Cube_01a_CUBE.uasset" 995
"C:/UE5/Unreal Projects/TheLostPirate/Content/AncientTreasures/Textures/Utility/TX_Cube_01a_CUBE.uexp" 996
"C:/UE5/Unreal Projects/TheLostPirate/Content/AncientTreasures/Textures/Utility/TX_Fill_01a_NRM.ubulk" 997
"C:/UE5/Unreal Projects/TheLostPirate/Content/AncientTreasures/Textures/Utility/TX_Fill_01a_NRM.uasset" 998
"C:/UE5/Unreal Projects/TheLostPirate/Content/AncientTreasures/Textures/Utility/TX_Fill_01a_NRM.uexp" 999
"C:/UE5/Unreal Projects/TheLostPirate/Content/AncientTreasures/Textures/Utility/TX_SandMask_01a_M.ubulk" 1000
"C:/UE5/Unreal Projects/TheLostPirate/Content/AncientTreasures/Textures/Utility/TX_SandMask_01a_M.uasset" 1001
"C:/UE5/Unreal Projects/TheLostPirate/Content/AncientTreasures/Textures/Utility/TX_SandMask_01a_M.uexp" 1002
"../../../Engine/Content/EngineResources/DefaultTexture.ubulk" 1003
"../../../Engine/Content/EngineResources/DefaultTexture.uasset" 1004
"../../../Engine/Content/EngineResources/DefaultTexture.uexp" 1005
"C:/UE5/Unreal Projects/TheLostPirate/Content/AncientTreasures/Textures/Unique/TX_SandMaterial_01a_RMA.ubulk" 1006
"C:/UE5/Unreal Projects/TheLostPirate/Content/AncientTreasures/Textures/Unique/TX_SandMaterial_01a_RMA.uasset" 1007
"C:/UE5/Unreal Projects/TheLostPirate/Content/AncientTreasures/Textures/Unique/TX_SandMaterial_01a_RMA.uexp" 1008
"C:/UE5/Unreal Projects/TheLostPirate/Content/AncientTreasures/Materials/Functions/MF_Sand_01a.uasset" 1009
"C:/UE5/Unreal Projects/TheLostPirate/Content/AncientTreasures/Materials/Functions/MF_Sand_01a.uexp" 1010
"C:/UE5/Unreal Projects/TheLostPirate/Content/AncientTreasures/Materials/Functions/MF_Fresnel_01a.uasset" 1011
"C:/UE5/Unreal Projects/TheLostPirate/Content/AncientTreasures/Materials/Functions/MF_Fresnel_01a.uexp" 1012
"../../../Engine/Content/Functions/MaterialLayerFunctions/MatLayerBlend_OverrideOpacityMask.uasset" 1013
"../../../Engine/Content/Functions/MaterialLayerFunctions/MatLayerBlend_OverrideOpacityMask.uexp" 1014
"C:/UE5/Unreal Projects/TheLostPirate/Content/AncientTreasures/Textures/Utility/TX_Fill_01a_RMA.ubulk" 1015
"C:/UE5/Unreal Projects/TheLostPirate/Content/AncientTreasures/Textures/Utility/TX_Fill_01a_RMA.uasset" 1016
"C:/UE5/Unreal Projects/TheLostPirate/Content/AncientTreasures/Textures/Utility/TX_Fill_01a_RMA.uexp" 1017
"C:/UE5/Unreal Projects/TheLostPirate/Content/AncientTreasures/Materials/Masters/MM_Master_Material_01a.uasset" 1018
"C:/UE5/Unreal Projects/TheLostPirate/Content/AncientTreasures/Materials/Masters/MM_Master_Material_01a.uexp" 1019
"C:/UE5/Unreal Projects/TheLostPirate/Content/AncientTreasures/Textures/Unique/TX_Coins_01b_NRM.ubulk" 1020
"C:/UE5/Unreal Projects/TheLostPirate/Content/AncientTreasures/Textures/Unique/TX_Coins_01b_NRM.uasset" 1021
"C:/UE5/Unreal Projects/TheLostPirate/Content/AncientTreasures/Textures/Unique/TX_Coins_01b_NRM.uexp" 1022
"C:/UE5/Unreal Projects/TheLostPirate/Content/AncientTreasures/Materials/Instances/MI_CoinMaterial_01c.uasset" 1023
"C:/UE5/Unreal Projects/TheLostPirate/Content/AncientTreasures/Materials/Instances/MI_CoinMaterial_01c.uexp" 1024
"C:/UE5/Unreal Projects/TheLostPirate/Content/AncientTreasures/Meshes/SM_Coin_Pile_01e.ubulk" 1025
"C:/UE5/Unreal Projects/TheLostPirate/Content/AncientTreasures/Meshes/SM_Coin_Pile_01e.uasset" 1026
"C:/UE5/Unreal Projects/TheLostPirate/Content/AncientTreasures/Meshes/SM_Coin_Pile_01e.uexp" 1027
"C:/UE5/Unreal Projects/TheLostPirate/Content/AncientTreasures/Textures/Unique/TX_Urn_01a_ALB.ubulk" 1028
"C:/UE5/Unreal Projects/TheLostPirate/Content/AncientTreasures/Textures/Unique/TX_Urn_01a_ALB.uasset" 1029
"C:/UE5/Unreal Projects/TheLostPirate/Content/AncientTreasures/Textures/Unique/TX_Urn_01a_ALB.uexp" 1030
"C:/UE5/Unreal Projects/TheLostPirate/Content/AncientTreasures/Textures/Unique/TX_Urn_01a_RMA.ubulk" 1031
"C:/UE5/Unreal Projects/TheLostPirate/Content/AncientTreasures/Textures/Unique/TX_Urn_01a_RMA.uasset" 1032
"C:/UE5/Unreal Projects/TheLostPirate/Content/AncientTreasures/Textures/Unique/TX_Urn_01a_RMA.uexp" 1033
"C:/UE5/Unreal Projects/TheLostPirate/Content/AncientTreasures/Textures/Unique/TX_Urn_01a_NRM.ubulk" 1034
"C:/UE5/Unreal Projects/TheLostPirate/Content/AncientTreasures/Textures/Unique/TX_Urn_01a_NRM.uasset" 1035
"C:/UE5/Unreal Projects/TheLostPirate/Content/AncientTreasures/Textures/Unique/TX_Urn_01a_NRM.uexp" 1036
"C:/UE5/Unreal Projects/TheLostPirate/Content/AncientTreasures/Materials/Instances/MI_Urn_01a.uasset" 1037
"C:/UE5/Unreal Projects/TheLostPirate/Content/AncientTreasures/Materials/Instances/MI_Urn_01a.uexp" 1038
"C:/UE5/Unreal Projects/TheLostPirate/Content/AncientTreasures/Meshes/SM_Urn_01a.ubulk" 1039
"C:/UE5/Unreal Projects/TheLostPirate/Content/AncientTreasures/Meshes/SM_Urn_01a.uasset" 1040
"C:/UE5/Unreal Projects/TheLostPirate/Content/AncientTreasures/Meshes/SM_Urn_01a.uexp" 1041
"C:/UE5/Unreal Projects/TheLostPirate/Content/AncientTreasures/Textures/Unique/TX_Urn_02_RMA.ubulk" 1042
"C:/UE5/Unreal Projects/TheLostPirate/Content/AncientTreasures/Textures/Unique/TX_Urn_02_RMA.uasset" 1043
"C:/UE5/Unreal Projects/TheLostPirate/Content/AncientTreasures/Textures/Unique/TX_Urn_02_RMA.uexp" 1044
"C:/UE5/Unreal Projects/TheLostPirate/Content/AncientTreasures/Textures/Unique/TX_Urn_02_NRM.ubulk" 1045
"C:/UE5/Unreal Projects/TheLostPirate/Content/AncientTreasures/Textures/Unique/TX_Urn_02_NRM.uasset" 1046
"C:/UE5/Unreal Projects/TheLostPirate/Content/AncientTreasures/Textures/Unique/TX_Urn_02_NRM.uexp" 1047
"C:/UE5/Unreal Projects/TheLostPirate/Content/AncientTreasures/Textures/Unique/TX_Urn_02_ALB.ubulk" 1048
"C:/UE5/Unreal Projects/TheLostPirate/Content/AncientTreasures/Textures/Unique/TX_Urn_02_ALB.uasset" 1049
"C:/UE5/Unreal Projects/TheLostPirate/Content/AncientTreasures/Textures/Unique/TX_Urn_02_ALB.uexp" 1050
"C:/UE5/Unreal Projects/TheLostPirate/Content/AncientTreasures/Materials/Instances/MI_Urn_02a.uasset" 1051
"C:/UE5/Unreal Projects/TheLostPirate/Content/AncientTreasures/Materials/Instances/MI_Urn_02a.uexp" 1052
"C:/UE5/Unreal Projects/TheLostPirate/Content/AncientTreasures/Meshes/SM_Urn_02.ubulk" 1053
"C:/UE5/Unreal Projects/TheLostPirate/Content/AncientTreasures/Meshes/SM_Urn_02.uasset" 1054
"C:/UE5/Unreal Projects/TheLostPirate/Content/AncientTreasures/Meshes/SM_Urn_02.uexp" 1055
"C:/UE5/Unreal Projects/TheLostPirate/Content/AncientTreasures/Textures/Unique/TX_Map_01a_NRM.ubulk" 1056
"C:/UE5/Unreal Projects/TheLostPirate/Content/AncientTreasures/Textures/Unique/TX_Map_01a_NRM.uasset" 1057
"C:/UE5/Unreal Projects/TheLostPirate/Content/AncientTreasures/Textures/Unique/TX_Map_01a_NRM.uexp" 1058
"C:/UE5/Unreal Projects/TheLostPirate/Content/AncientTreasures/Textures/Unique/TX_Map_01a_RMA.ubulk" 1059
"C:/UE5/Unreal Projects/TheLostPirate/Content/AncientTreasures/Textures/Unique/TX_Map_01a_RMA.uasset" 1060
"C:/UE5/Unreal Projects/TheLostPirate/Content/AncientTreasures/Textures/Unique/TX_Map_01a_RMA.uexp" 1061
"C:/UE5/Unreal Projects/TheLostPirate/Content/AncientTreasures/Textures/Unique/TX_Map_01a_ALB.ubulk" 1062
"C:/UE5/Unreal Projects/TheLostPirate/Content/AncientTreasures/Textures/Unique/TX_Map_01a_ALB.uasset" 1063
"C:/UE5/Unreal Projects/TheLostPirate/Content/AncientTreasures/Textures/Unique/TX_Map_01a_ALB.uexp" 1064
"C:/UE5/Unreal Projects/TheLostPirate/Content/AncientTreasures/Materials/Instances/MI_Map_01a.uasset" 1065
"C:/UE5/Unreal Projects/TheLostPirate/Content/AncientTreasures/Materials/Instances/MI_Map_01a.uexp" 1066
"C:/UE5/Unreal Projects/TheLostPirate/Content/AncientTreasures/Meshes/SM_Map_01a.ubulk" 1067
"C:/UE5/Unreal Projects/TheLostPirate/Content/AncientTreasures/Meshes/SM_Map_01a.uasset" 1068
"C:/UE5/Unreal Projects/TheLostPirate/Content/AncientTreasures/Meshes/SM_Map_01a.uexp" 1069
"C:/UE5/Unreal Projects/TheLostPirate/Content/AncientTreasures/Meshes/SM_Coin_Pile_01h.ubulk" 1070
"C:/UE5/Unreal Projects/TheLostPirate/Content/AncientTreasures/Meshes/SM_Coin_Pile_01h.uasset" 1071
"C:/UE5/Unreal Projects/TheLostPirate/Content/AncientTreasures/Meshes/SM_Coin_Pile_01h.uexp" 1072
"C:/UE5/Unreal Projects/TheLostPirate/Content/AncientTreasures/Meshes/SM_Coin_Pile_01i.ubulk" 1073
"C:/UE5/Unreal Projects/TheLostPirate/Content/AncientTreasures/Meshes/SM_Coin_Pile_01i.uasset" 1074
"C:/UE5/Unreal Projects/TheLostPirate/Content/AncientTreasures/Meshes/SM_Coin_Pile_01i.uexp" 1075
"C:/UE5/Unreal Projects/TheLostPirate/Content/AdvancedLocomotionV4/Audio/Background/Starter_Wind06.ubulk" 1076
"C:/UE5/Unreal Projects/TheLostPirate/Content/AdvancedLocomotionV4/Audio/Background/Starter_Wind06.uasset" 1077
"C:/UE5/Unreal Projects/TheLostPirate/Content/AdvancedLocomotionV4/Audio/Background/Starter_Wind06.uexp" 1078
"C:/UE5/Unreal Projects/TheLostPirate/Content/AdvancedLocomotionV4/Audio/Background/Starter_Birds01.ubulk" 1079
"C:/UE5/Unreal Projects/TheLostPirate/Content/AdvancedLocomotionV4/Audio/Background/Starter_Birds01.uasset" 1080
"C:/UE5/Unreal Projects/TheLostPirate/Content/AdvancedLocomotionV4/Audio/Background/Starter_Birds01.uexp" 1081
"C:/UE5/Unreal Projects/TheLostPirate/Content/AdvancedLocomotionV4/Audio/Background/Starter_Wind05.ubulk" 1082
"C:/UE5/Unreal Projects/TheLostPirate/Content/AdvancedLocomotionV4/Audio/Background/Starter_Wind05.uasset" 1083
"C:/UE5/Unreal Projects/TheLostPirate/Content/AdvancedLocomotionV4/Audio/Background/Starter_Wind05.uexp" 1084
"C:/UE5/Unreal Projects/TheLostPirate/Content/AdvancedLocomotionV4/Audio/Background/Starter_Background_Cue.uasset" 1085
"C:/UE5/Unreal Projects/TheLostPirate/Content/AdvancedLocomotionV4/Audio/Background/Starter_Background_Cue.uexp" 1086
"C:/UE5/Unreal Projects/TheLostPirate/Content/BluePrints/BP_CheckPoint.uasset" 1087
"C:/UE5/Unreal Projects/TheLostPirate/Content/BluePrints/BP_CheckPoint.uexp" 1088
"C:/UE5/Unreal Projects/TheLostPirate/Content/City_of_Brass_Props/Textures/Catacomb_Props_D.ubulk" 1089
"C:/UE5/Unreal Projects/TheLostPirate/Content/City_of_Brass_Props/Textures/Catacomb_Props_D.uasset" 1090
"C:/UE5/Unreal Projects/TheLostPirate/Content/City_of_Brass_Props/Textures/Catacomb_Props_D.uexp" 1091
"C:/UE5/Unreal Projects/TheLostPirate/Content/City_of_Brass_Props/Textures/Catacomb_Props_N.ubulk" 1092
"C:/UE5/Unreal Projects/TheLostPirate/Content/City_of_Brass_Props/Textures/Catacomb_Props_N.uasset" 1093
"C:/UE5/Unreal Projects/TheLostPirate/Content/City_of_Brass_Props/Textures/Catacomb_Props_N.uexp" 1094
"C:/UE5/Unreal Projects/TheLostPirate/Content/City_of_Brass_Props/Textures/Catacomb_Props_M.ubulk" 1095
"C:/UE5/Unreal Projects/TheLostPirate/Content/City_of_Brass_Props/Textures/Catacomb_Props_M.uasset" 1096
"C:/UE5/Unreal Projects/TheLostPirate/Content/City_of_Brass_Props/Textures/Catacomb_Props_M.uexp" 1097
"C:/UE5/Unreal Projects/TheLostPirate/Content/City_of_Brass_Props/Materials/Instances/Catacomb_Props_Inst.uasset" 1098
"C:/UE5/Unreal Projects/TheLostPirate/Content/City_of_Brass_Props/Materials/Instances/Catacomb_Props_Inst.uexp" 1099
"C:/UE5/Unreal Projects/TheLostPirate/Content/City_of_Brass_Props/Meshes/Candelabra02.ubulk" 1100
"C:/UE5/Unreal Projects/TheLostPirate/Content/City_of_Brass_Props/Meshes/Candelabra02.uasset" 1101
"C:/UE5/Unreal Projects/TheLostPirate/Content/City_of_Brass_Props/Meshes/Candelabra02.uexp" 1102
"C:/UE5/Unreal Projects/TheLostPirate/Content/City_of_Brass_Props/Textures/T_Candlelight_01.ubulk" 1103
"C:/UE5/Unreal Projects/TheLostPirate/Content/City_of_Brass_Props/Textures/T_Candlelight_01.uasset" 1104
"C:/UE5/Unreal Projects/TheLostPirate/Content/City_of_Brass_Props/Textures/T_Candlelight_01.uexp" 1105
"../../../Engine/Content/Functions/Engine_MaterialFunctions01/WorldPositionOffset/SimpleGrassWind.uasset" 1106
"../../../Engine/Content/Functions/Engine_MaterialFunctions01/WorldPositionOffset/SimpleGrassWind.uexp" 1107
"C:/UE5/Unreal Projects/TheLostPirate/Content/City_of_Brass_Props/Materials/Candle_Animated_Mat.uasset" 1108
"C:/UE5/Unreal Projects/TheLostPirate/Content/City_of_Brass_Props/Materials/Candle_Animated_Mat.uexp" 1109
"C:/UE5/Unreal Projects/TheLostPirate/Content/City_of_Brass_Props/Materials/Instances/Candle_Animated_Mat_Inst.uasset" 1110
"C:/UE5/Unreal Projects/TheLostPirate/Content/City_of_Brass_Props/Materials/Instances/Candle_Animated_Mat_Inst.uexp" 1111
"C:/UE5/Unreal Projects/TheLostPirate/Content/City_of_Brass_Props/Meshes/Candelabra01_Candles.ubulk" 1112
"C:/UE5/Unreal Projects/TheLostPirate/Content/City_of_Brass_Props/Meshes/Candelabra01_Candles.uasset" 1113
"C:/UE5/Unreal Projects/TheLostPirate/Content/City_of_Brass_Props/Meshes/Candelabra01_Candles.uexp" 1114
"C:/UE5/Unreal Projects/TheLostPirate/Content/City_of_Brass_Props/Blueprints/BP_Light.uasset" 1115
"C:/UE5/Unreal Projects/TheLostPirate/Content/City_of_Brass_Props/Blueprints/BP_Light.uexp" 1116
"C:/UE5/Unreal Projects/TheLostPirate/Content/AncientTreasures/Textures/Unique/TX_Shield_01a_ALB.ubulk" 1117
"C:/UE5/Unreal Projects/TheLostPirate/Content/AncientTreasures/Textures/Unique/TX_Shield_01a_ALB.uasset" 1118
"C:/UE5/Unreal Projects/TheLostPirate/Content/AncientTreasures/Textures/Unique/TX_Shield_01a_ALB.uexp" 1119
"C:/UE5/Unreal Projects/TheLostPirate/Content/AncientTreasures/Textures/Unique/TX_Shield_01a_NRM.ubulk" 1120
"C:/UE5/Unreal Projects/TheLostPirate/Content/AncientTreasures/Textures/Unique/TX_Shield_01a_NRM.uasset" 1121
"C:/UE5/Unreal Projects/TheLostPirate/Content/AncientTreasures/Textures/Unique/TX_Shield_01a_NRM.uexp" 1122
"C:/UE5/Unreal Projects/TheLostPirate/Content/AncientTreasures/Textures/Unique/TX_Shield_01a_RMA.ubulk" 1123
"C:/UE5/Unreal Projects/TheLostPirate/Content/AncientTreasures/Textures/Unique/TX_Shield_01a_RMA.uasset" 1124
"C:/UE5/Unreal Projects/TheLostPirate/Content/AncientTreasures/Textures/Unique/TX_Shield_01a_RMA.uexp" 1125
"C:/UE5/Unreal Projects/TheLostPirate/Content/AncientTreasures/Materials/Instances/MI_Shield_01a.uasset" 1126
"C:/UE5/Unreal Projects/TheLostPirate/Content/AncientTreasures/Materials/Instances/MI_Shield_01a.uexp" 1127
"C:/UE5/Unreal Projects/TheLostPirate/Content/AncientTreasures/Meshes/SM_Shield_01a.ubulk" 1128
"C:/UE5/Unreal Projects/TheLostPirate/Content/AncientTreasures/Meshes/SM_Shield_01a.uasset" 1129
"C:/UE5/Unreal Projects/TheLostPirate/Content/AncientTreasures/Meshes/SM_Shield_01a.uexp" 1130
"C:/UE5/Unreal Projects/TheLostPirate/Content/Cinematics/FinishLevelSequence.uasset" 1131
"C:/UE5/Unreal Projects/TheLostPirate/Content/Cinematics/FinishLevelSequence.uexp" 1132
"C:/UE5/Unreal Projects/TheLostPirate/Content/AncientTreasures/Textures/Unique/TX_ClayPot_01a_NRM.ubulk" 1133
"C:/UE5/Unreal Projects/TheLostPirate/Content/AncientTreasures/Textures/Unique/TX_ClayPot_01a_NRM.uasset" 1134
"C:/UE5/Unreal Projects/TheLostPirate/Content/AncientTreasures/Textures/Unique/TX_ClayPot_01a_NRM.uexp" 1135
"C:/UE5/Unreal Projects/TheLostPirate/Content/AncientTreasures/Textures/Unique/TX_ClayPot_01a_ALB.ubulk" 1136
"C:/UE5/Unreal Projects/TheLostPirate/Content/AncientTreasures/Textures/Unique/TX_ClayPot_01a_ALB.uasset" 1137
"C:/UE5/Unreal Projects/TheLostPirate/Content/AncientTreasures/Textures/Unique/TX_ClayPot_01a_ALB.uexp" 1138
"C:/UE5/Unreal Projects/TheLostPirate/Content/AncientTreasures/Textures/Unique/TX_ClayPot_01a_RMA.ubulk" 1139
"C:/UE5/Unreal Projects/TheLostPirate/Content/AncientTreasures/Textures/Unique/TX_ClayPot_01a_RMA.uasset" 1140
"C:/UE5/Unreal Projects/TheLostPirate/Content/AncientTreasures/Textures/Unique/TX_ClayPot_01a_RMA.uexp" 1141
"C:/UE5/Unreal Projects/TheLostPirate/Content/AncientTreasures/Materials/Instances/MI_ClayPot_01a.uasset" 1142
"C:/UE5/Unreal Projects/TheLostPirate/Content/AncientTreasures/Materials/Instances/MI_ClayPot_01a.uexp" 1143
"C:/UE5/Unreal Projects/TheLostPirate/Content/AncientTreasures/Meshes/SM_ClayPot_01.ubulk" 1144
"C:/UE5/Unreal Projects/TheLostPirate/Content/AncientTreasures/Meshes/SM_ClayPot_01.uasset" 1145
"C:/UE5/Unreal Projects/TheLostPirate/Content/AncientTreasures/Meshes/SM_ClayPot_01.uexp" 1146
"C:/UE5/Unreal Projects/TheLostPirate/Content/AncientTreasures/Textures/Unique/TX_Gems_01a_RMA.ubulk" 1147
"C:/UE5/Unreal Projects/TheLostPirate/Content/AncientTreasures/Textures/Unique/TX_Gems_01a_RMA.uasset" 1148
"C:/UE5/Unreal Projects/TheLostPirate/Content/AncientTreasures/Textures/Unique/TX_Gems_01a_RMA.uexp" 1149
"C:/UE5/Unreal Projects/TheLostPirate/Content/AncientTreasures/Textures/Unique/TX_Gems_01a_NRM.ubulk" 1150
"C:/UE5/Unreal Projects/TheLostPirate/Content/AncientTreasures/Textures/Unique/TX_Gems_01a_NRM.uasset" 1151
"C:/UE5/Unreal Projects/TheLostPirate/Content/AncientTreasures/Textures/Unique/TX_Gems_01a_NRM.uexp" 1152
"C:/UE5/Unreal Projects/TheLostPirate/Content/AncientTreasures/Textures/Unique/TX_Gems_01a_ALB.ubulk" 1153
"C:/UE5/Unreal Projects/TheLostPirate/Content/AncientTreasures/Textures/Unique/TX_Gems_01a_ALB.uasset" 1154
"C:/UE5/Unreal Projects/TheLostPirate/Content/AncientTreasures/Textures/Unique/TX_Gems_01a_ALB.uexp" 1155
"C:/UE5/Unreal Projects/TheLostPirate/Content/AncientTreasures/Textures/Utility/TX_Noise_01a_M.ubulk" 1156
"C:/UE5/Unreal Projects/TheLostPirate/Content/AncientTreasures/Textures/Utility/TX_Noise_01a_M.uasset" 1157
"C:/UE5/Unreal Projects/TheLostPirate/Content/AncientTreasures/Textures/Utility/TX_Noise_01a_M.uexp" 1158
"C:/UE5/Unreal Projects/TheLostPirate/Content/AncientTreasures/Materials/Instances/MI_Gems_01a.uasset" 1159
"C:/UE5/Unreal Projects/TheLostPirate/Content/AncientTreasures/Materials/Instances/MI_Gems_01a.uexp" 1160
"C:/UE5/Unreal Projects/TheLostPirate/Content/AncientTreasures/Meshes/SM_Gems_01c.ubulk" 1161
"C:/UE5/Unreal Projects/TheLostPirate/Content/AncientTreasures/Meshes/SM_Gems_01c.uasset" 1162
"C:/UE5/Unreal Projects/TheLostPirate/Content/AncientTreasures/Meshes/SM_Gems_01c.uexp" 1163
"C:/UE5/Unreal Projects/TheLostPirate/Content/AncientTreasures/Textures/Unique/TX_ClayPot_03a_RMA.ubulk" 1164
"C:/UE5/Unreal Projects/TheLostPirate/Content/AncientTreasures/Textures/Unique/TX_ClayPot_03a_RMA.uasset" 1165
"C:/UE5/Unreal Projects/TheLostPirate/Content/AncientTreasures/Textures/Unique/TX_ClayPot_03a_RMA.uexp" 1166
"C:/UE5/Unreal Projects/TheLostPirate/Content/AncientTreasures/Textures/Unique/TX_ClayPot_03a_ALB.ubulk" 1167
"C:/UE5/Unreal Projects/TheLostPirate/Content/AncientTreasures/Textures/Unique/TX_ClayPot_03a_ALB.uasset" 1168
"C:/UE5/Unreal Projects/TheLostPirate/Content/AncientTreasures/Textures/Unique/TX_ClayPot_03a_ALB.uexp" 1169
"C:/UE5/Unreal Projects/TheLostPirate/Content/AncientTreasures/Textures/Unique/TX_ClayPot_03a_NRM.ubulk" 1170
"C:/UE5/Unreal Projects/TheLostPirate/Content/AncientTreasures/Textures/Unique/TX_ClayPot_03a_NRM.uasset" 1171
"C:/UE5/Unreal Projects/TheLostPirate/Content/AncientTreasures/Textures/Unique/TX_ClayPot_03a_NRM.uexp" 1172
"C:/UE5/Unreal Projects/TheLostPirate/Content/AncientTreasures/Materials/Instances/MI_ClayPot_03a.uasset" 1173
"C:/UE5/Unreal Projects/TheLostPirate/Content/AncientTreasures/Materials/Instances/MI_ClayPot_03a.uexp" 1174
"C:/UE5/Unreal Projects/TheLostPirate/Content/AncientTreasures/Meshes/SM_ClayPot_03e.ubulk" 1175
"C:/UE5/Unreal Projects/TheLostPirate/Content/AncientTreasures/Meshes/SM_ClayPot_03e.uasset" 1176
"C:/UE5/Unreal Projects/TheLostPirate/Content/AncientTreasures/Meshes/SM_ClayPot_03e.uexp" 1177
"C:/UE5/Unreal Projects/TheLostPirate/Content/AncientTreasures/Textures/Tileable/TX_Floortile_02a_H.ubulk" 1178
"C:/UE5/Unreal Projects/TheLostPirate/Content/AncientTreasures/Textures/Tileable/TX_Floortile_02a_H.uasset" 1179
"C:/UE5/Unreal Projects/TheLostPirate/Content/AncientTreasures/Textures/Tileable/TX_Floortile_02a_H.uexp" 1180
"C:/UE5/Unreal Projects/TheLostPirate/Content/AncientTreasures/Textures/Tileable/TX_Floortile_02a_RMA.ubulk" 1181
"C:/UE5/Unreal Projects/TheLostPirate/Content/AncientTreasures/Textures/Tileable/TX_Floortile_02a_RMA.uasset" 1182
"C:/UE5/Unreal Projects/TheLostPirate/Content/AncientTreasures/Textures/Tileable/TX_Floortile_02a_RMA.uexp" 1183
"C:/UE5/Unreal Projects/TheLostPirate/Content/AncientTreasures/Textures/Tileable/TX_Floortile_02a_NRM.ubulk" 1184
"C:/UE5/Unreal Projects/TheLostPirate/Content/AncientTreasures/Textures/Tileable/TX_Floortile_02a_NRM.uasset" 1185
"C:/UE5/Unreal Projects/TheLostPirate/Content/AncientTreasures/Textures/Tileable/TX_Floortile_02a_NRM.uexp" 1186
"C:/UE5/Unreal Projects/TheLostPirate/Content/AncientTreasures/Textures/Tileable/TX_Floortile_02a_ALB.ubulk" 1187
"C:/UE5/Unreal Projects/TheLostPirate/Content/AncientTreasures/Textures/Tileable/TX_Floortile_02a_ALB.uasset" 1188
"C:/UE5/Unreal Projects/TheLostPirate/Content/AncientTreasures/Textures/Tileable/TX_Floortile_02a_ALB.uexp" 1189
"C:/UE5/Unreal Projects/TheLostPirate/Content/AncientTreasures/Materials/Masters/MM_Floor_01a.uasset" 1190
"C:/UE5/Unreal Projects/TheLostPirate/Content/AncientTreasures/Materials/Masters/MM_Floor_01a.uexp" 1191
"../../../Engine/Content/BasicShapes/Cube.ubulk" 1192
"../../../Engine/Content/BasicShapes/Cube.uasset" 1193
"../../../Engine/Content/BasicShapes/Cube.uexp" 1194
"C:/UE5/Unreal Projects/TheLostPirate/Content/BluePrints/BP_Plataform.uasset" 1195
"C:/UE5/Unreal Projects/TheLostPirate/Content/BluePrints/BP_Plataform.uexp" 1196
"C:/UE5/Unreal Projects/TheLostPirate/Content/AncientTreasures/Textures/Utility/TX_Fire_01a_ALB.ubulk" 1197
"C:/UE5/Unreal Projects/TheLostPirate/Content/AncientTreasures/Textures/Utility/TX_Fire_01a_ALB.uasset" 1198
"C:/UE5/Unreal Projects/TheLostPirate/Content/AncientTreasures/Textures/Utility/TX_Fire_01a_ALB.uexp" 1199
"C:/UE5/Unreal Projects/TheLostPirate/Content/AncientTreasures/Materials/Masters/MM_Fire_01a.uasset" 1200
"C:/UE5/Unreal Projects/TheLostPirate/Content/AncientTreasures/Materials/Masters/MM_Fire_01a.uexp" 1201
"C:/UE5/Unreal Projects/TheLostPirate/Content/AncientTreasures/VFX/P_Fire_01a.uasset" 1202
"C:/UE5/Unreal Projects/TheLostPirate/Content/AncientTreasures/VFX/P_Fire_01a.uexp" 1203
"C:/UE5/Unreal Projects/TheLostPirate/Content/AdvancedLocomotionV4/Data/Enums/ALS_OverlayState.uasset" 1204
"C:/UE5/Unreal Projects/TheLostPirate/Content/AdvancedLocomotionV4/Data/Enums/ALS_OverlayState.uexp" 1205
"C:/UE5/Unreal Projects/TheLostPirate/Content/AdvancedLocomotionV4/Props/Materials/M_Prop.uasset" 1206
"C:/UE5/Unreal Projects/TheLostPirate/Content/AdvancedLocomotionV4/Props/Materials/M_Prop.uexp" 1207
"C:/UE5/Unreal Projects/TheLostPirate/Content/AdvancedLocomotionV4/Props/Materials/M_Prop_Torch3.uasset" 1208
"C:/UE5/Unreal Projects/TheLostPirate/Content/AdvancedLocomotionV4/Props/Materials/M_Prop_Torch3.uexp" 1209
"C:/UE5/Unreal Projects/TheLostPirate/Content/AdvancedLocomotionV4/Props/Materials/M_Prop_Torch2.uasset" 1210
"C:/UE5/Unreal Projects/TheLostPirate/Content/AdvancedLocomotionV4/Props/Materials/M_Prop_Torch2.uexp" 1211
"C:/UE5/Unreal Projects/TheLostPirate/Content/AdvancedLocomotionV4/Props/Materials/M_Prop_Torch1.uasset" 1212
"C:/UE5/Unreal Projects/TheLostPirate/Content/AdvancedLocomotionV4/Props/Materials/M_Prop_Torch1.uexp" 1213
"C:/UE5/Unreal Projects/TheLostPirate/Content/AdvancedLocomotionV4/Props/Meshes/Torch.ubulk" 1214
"C:/UE5/Unreal Projects/TheLostPirate/Content/AdvancedLocomotionV4/Props/Meshes/Torch.uasset" 1215
"C:/UE5/Unreal Projects/TheLostPirate/Content/AdvancedLocomotionV4/Props/Meshes/Torch.uexp" 1216
"C:/UE5/Unreal Projects/TheLostPirate/Content/AdvancedLocomotionV4/Blueprints/Interfaces/ALS_Camera_BPI.uasset" 1217
"C:/UE5/Unreal Projects/TheLostPirate/Content/AdvancedLocomotionV4/Blueprints/Interfaces/ALS_Camera_BPI.uexp" 1218
"C:/UE5/Unreal Projects/TheLostPirate/Content/AdvancedLocomotionV4/Data/Enums/ALS_Gait.uasset" 1219
"C:/UE5/Unreal Projects/TheLostPirate/Content/AdvancedLocomotionV4/Data/Enums/ALS_Gait.uexp" 1220
"C:/UE5/Unreal Projects/TheLostPirate/Content/Assets/Animations/Attack_Notify.uasset" 1221
"C:/UE5/Unreal Projects/TheLostPirate/Content/Assets/Animations/Attack_Notify.uexp" 1222
"../../../Engine/Content/EngineMeshes/Humanoid.uasset" 1223
"../../../Engine/Content/EngineMeshes/Humanoid.uexp" 1224
"C:/UE5/Unreal Projects/TheLostPirate/Content/AdvancedLocomotionV4/CharacterAssets/MannequinSkeleton/ALS_Mannequin_Skeleton.uasset" 1225
"C:/UE5/Unreal Projects/TheLostPirate/Content/AdvancedLocomotionV4/CharacterAssets/MannequinSkeleton/ALS_Mannequin_Skeleton.uexp" 1226
"../../../Engine/Content/Animation/DefaultAnimCurveCompressionSettings.uasset" 1227
"../../../Engine/Content/Animation/DefaultAnimCurveCompressionSettings.uexp" 1228
"../../../Engine/Content/Animation/DefaultAnimBoneCompressionSettings.uasset" 1229
"../../../Engine/Content/Animation/DefaultAnimBoneCompressionSettings.uexp" 1230
"C:/UE5/Unreal Projects/TheLostPirate/Content/Assets/Animations/Anim_Attack.uasset" 1231
"C:/UE5/Unreal Projects/TheLostPirate/Content/Assets/Animations/Anim_Attack.uexp" 1232
"C:/UE5/Unreal Projects/TheLostPirate/Content/Assets/Animations/Attack_AnimMontage.uasset" 1233
"C:/UE5/Unreal Projects/TheLostPirate/Content/Assets/Animations/Attack_AnimMontage.uexp" 1234
"C:/UE5/Unreal Projects/TheLostPirate/Content/AdvancedLocomotionV4/Props/Materials/M_Prop_Bow3.uasset" 1235
"C:/UE5/Unreal Projects/TheLostPirate/Content/AdvancedLocomotionV4/Props/Materials/M_Prop_Bow3.uexp" 1236
"C:/UE5/Unreal Projects/TheLostPirate/Content/AdvancedLocomotionV4/Props/Materials/M_Prop_Bow1.uasset" 1237
"C:/UE5/Unreal Projects/TheLostPirate/Content/AdvancedLocomotionV4/Props/Materials/M_Prop_Bow1.uexp" 1238
"C:/UE5/Unreal Projects/TheLostPirate/Content/AdvancedLocomotionV4/Props/Materials/M_Prop_Bow2.uasset" 1239
"C:/UE5/Unreal Projects/TheLostPirate/Content/AdvancedLocomotionV4/Props/Materials/M_Prop_Bow2.uexp" 1240
"C:/UE5/Unreal Projects/TheLostPirate/Content/AdvancedLocomotionV4/Props/Meshes/Bow_Skeleton.uasset" 1241
"C:/UE5/Unreal Projects/TheLostPirate/Content/AdvancedLocomotionV4/Props/Meshes/Bow_Skeleton.uexp" 1242
"C:/UE5/Unreal Projects/TheLostPirate/Content/AdvancedLocomotionV4/Props/Meshes/Bow.uasset" 1243
"C:/UE5/Unreal Projects/TheLostPirate/Content/AdvancedLocomotionV4/Props/Meshes/Bow.uexp" 1244
"C:/UE5/Unreal Projects/TheLostPirate/Content/AdvancedLocomotionV4/Data/Enums/GroundedEntryState.uasset" 1245
"C:/UE5/Unreal Projects/TheLostPirate/Content/AdvancedLocomotionV4/Data/Enums/GroundedEntryState.uexp" 1246
"C:/UE5/Unreal Projects/TheLostPirate/Content/AdvancedLocomotionV4/Blueprints/Interfaces/ALS_Animation_BPI.uasset" 1247
"C:/UE5/Unreal Projects/TheLostPirate/Content/AdvancedLocomotionV4/Blueprints/Interfaces/ALS_Animation_BPI.uexp" 1248
"C:/UE5/Unreal Projects/TheLostPirate/Content/AdvancedLocomotionV4/Blueprints/AnimNotifys/OverlayOverride_NotifyState.uasset" 1249
"C:/UE5/Unreal Projects/TheLostPirate/Content/AdvancedLocomotionV4/Blueprints/AnimNotifys/OverlayOverride_NotifyState.uexp" 1250
"C:/UE5/Unreal Projects/TheLostPirate/Content/AdvancedLocomotionV4/Data/Enums/FootstepType.uasset" 1251
"C:/UE5/Unreal Projects/TheLostPirate/Content/AdvancedLocomotionV4/Data/Enums/FootstepType.uexp" 1252
"C:/UE5/Unreal Projects/TheLostPirate/Content/AdvancedLocomotionV4/Audio/Footsteps/Concrete_Walk_05.ubulk" 1253
"C:/UE5/Unreal Projects/TheLostPirate/Content/AdvancedLocomotionV4/Audio/Footsteps/Concrete_Walk_05.uasset" 1254
"C:/UE5/Unreal Projects/TheLostPirate/Content/AdvancedLocomotionV4/Audio/Footsteps/Concrete_Walk_05.uexp" 1255
"C:/UE5/Unreal Projects/TheLostPirate/Content/AdvancedLocomotionV4/Audio/Footsteps/Footstep_Cue.uasset" 1256
"C:/UE5/Unreal Projects/TheLostPirate/Content/AdvancedLocomotionV4/Audio/Footsteps/Footstep_Cue.uexp" 1257
"C:/UE5/Unreal Projects/TheLostPirate/Content/AdvancedLocomotionV4/Blueprints/AnimNotifys/Footstep_AnimNotify.uasset" 1258
"C:/UE5/Unreal Projects/TheLostPirate/Content/AdvancedLocomotionV4/Blueprints/AnimNotifys/Footstep_AnimNotify.uexp" 1259
"C:/UE5/Unreal Projects/TheLostPirate/Content/AdvancedLocomotionV4/CharacterAssets/MannequinSkeleton/AnimationExamples/Actions/ALS_CLF_GetUp_Front.uasset" 1260
"C:/UE5/Unreal Projects/TheLostPirate/Content/AdvancedLocomotionV4/CharacterAssets/MannequinSkeleton/AnimationExamples/Actions/ALS_CLF_GetUp_Front.uexp" 1261
"C:/UE5/Unreal Projects/TheLostPirate/Content/AdvancedLocomotionV4/Data/Enums/ALS_Stance.uasset" 1262
"C:/UE5/Unreal Projects/TheLostPirate/Content/AdvancedLocomotionV4/Data/Enums/ALS_Stance.uexp" 1263
"C:/UE5/Unreal Projects/TheLostPirate/Content/AdvancedLocomotionV4/Data/Enums/ALS_MovementAction.uasset" 1264
"C:/UE5/Unreal Projects/TheLostPirate/Content/AdvancedLocomotionV4/Data/Enums/ALS_MovementAction.uexp" 1265
"C:/UE5/Unreal Projects/TheLostPirate/Content/AdvancedLocomotionV4/Data/Enums/ALS_ViewMode.uasset" 1266
"C:/UE5/Unreal Projects/TheLostPirate/Content/AdvancedLocomotionV4/Data/Enums/ALS_ViewMode.uexp" 1267
"C:/UE5/Unreal Projects/TheLostPirate/Content/AdvancedLocomotionV4/Data/Enums/ALS_RotationMode.uasset" 1268
"C:/UE5/Unreal Projects/TheLostPirate/Content/AdvancedLocomotionV4/Data/Enums/ALS_RotationMode.uexp" 1269
"C:/UE5/Unreal Projects/TheLostPirate/Content/AdvancedLocomotionV4/Data/Enums/ALS_MovementState.uasset" 1270
"C:/UE5/Unreal Projects/TheLostPirate/Content/AdvancedLocomotionV4/Data/Enums/ALS_MovementState.uexp" 1271
"C:/UE5/Unreal Projects/TheLostPirate/Content/AdvancedLocomotionV4/Blueprints/Interfaces/ALS_Character_BPI.uasset" 1272
"C:/UE5/Unreal Projects/TheLostPirate/Content/AdvancedLocomotionV4/Blueprints/Interfaces/ALS_Character_BPI.uexp" 1273
"C:/UE5/Unreal Projects/TheLostPirate/Content/AdvancedLocomotionV4/Blueprints/AnimNotifys/MovementAction_NotifyState.uasset" 1274
"C:/UE5/Unreal Projects/TheLostPirate/Content/AdvancedLocomotionV4/Blueprints/AnimNotifys/MovementAction_NotifyState.uexp" 1275
"C:/UE5/Unreal Projects/TheLostPirate/Content/AdvancedLocomotionV4/CharacterAssets/MannequinSkeleton/AnimationExamples/Actions/ALS_CLF_GetUp_Front_Montage_2H.uasset" 1276
"C:/UE5/Unreal Projects/TheLostPirate/Content/AdvancedLocomotionV4/CharacterAssets/MannequinSkeleton/AnimationExamples/Actions/ALS_CLF_GetUp_Front_Montage_2H.uexp" 1277
"C:/UE5/Unreal Projects/TheLostPirate/Content/StarterContent/Textures/T_Smoke_SubUV.ubulk" 1278
"C:/UE5/Unreal Projects/TheLostPirate/Content/StarterContent/Textures/T_Smoke_SubUV.uasset" 1279
"C:/UE5/Unreal Projects/TheLostPirate/Content/StarterContent/Textures/T_Smoke_SubUV.uexp" 1280
"C:/UE5/Unreal Projects/TheLostPirate/Content/StarterContent/Textures/T_Smoke_Tiled_D.ubulk" 1281
"C:/UE5/Unreal Projects/TheLostPirate/Content/StarterContent/Textures/T_Smoke_Tiled_D.uasset" 1282
"C:/UE5/Unreal Projects/TheLostPirate/Content/StarterContent/Textures/T_Smoke_Tiled_D.uexp" 1283
"C:/UE5/Unreal Projects/TheLostPirate/Content/StarterContent/Particles/Materials/M_smoke_subUV.uasset" 1284
"C:/UE5/Unreal Projects/TheLostPirate/Content/StarterContent/Particles/Materials/M_smoke_subUV.uexp" 1285
"C:/UE5/Unreal Projects/TheLostPirate/Content/StarterContent/Textures/T_Burst_M.ubulk" 1286
"C:/UE5/Unreal Projects/TheLostPirate/Content/StarterContent/Textures/T_Burst_M.uasset" 1287
"C:/UE5/Unreal Projects/TheLostPirate/Content/StarterContent/Textures/T_Burst_M.uexp" 1288
"C:/UE5/Unreal Projects/TheLostPirate/Content/StarterContent/Particles/Materials/M_Burst.uasset" 1289
"C:/UE5/Unreal Projects/TheLostPirate/Content/StarterContent/Particles/Materials/M_Burst.uexp" 1290
"C:/UE5/Unreal Projects/TheLostPirate/Content/StarterContent/Particles/Materials/m_flare_01.uasset" 1291
"C:/UE5/Unreal Projects/TheLostPirate/Content/StarterContent/Particles/Materials/m_flare_01.uexp" 1292
"C:/UE5/Unreal Projects/TheLostPirate/Content/StarterContent/Textures/T_Explosion_SubUV.ubulk" 1293
"C:/UE5/Unreal Projects/TheLostPirate/Content/StarterContent/Textures/T_Explosion_SubUV.uasset" 1294
"C:/UE5/Unreal Projects/TheLostPirate/Content/StarterContent/Textures/T_Explosion_SubUV.uexp" 1295
"C:/UE5/Unreal Projects/TheLostPirate/Content/StarterContent/Particles/Materials/M_explosion_subUV.uasset" 1296
"C:/UE5/Unreal Projects/TheLostPirate/Content/StarterContent/Particles/Materials/M_explosion_subUV.uexp" 1297
"../../../Engine/Content/Functions/Engine_MaterialFunctions01/Gradient/RadialGradient.uasset" 1298
"../../../Engine/Content/Functions/Engine_MaterialFunctions01/Gradient/RadialGradient.uexp" 1299
"C:/UE5/Unreal Projects/TheLostPirate/Content/StarterContent/Particles/Materials/M_radial_ramp.uasset" 1300
"C:/UE5/Unreal Projects/TheLostPirate/Content/StarterContent/Particles/Materials/M_radial_ramp.uexp" 1301
"C:/UE5/Unreal Projects/TheLostPirate/Content/StarterContent/Particles/P_Explosion.uasset" 1302
"C:/UE5/Unreal Projects/TheLostPirate/Content/StarterContent/Particles/P_Explosion.uexp" 1303
"C:/UE5/Unreal Projects/TheLostPirate/Content/AdvancedLocomotionV4/Blueprints/AnimNotifys/CameraShake_Notify.uasset" 1304
"C:/UE5/Unreal Projects/TheLostPirate/Content/AdvancedLocomotionV4/Blueprints/AnimNotifys/CameraShake_Notify.uexp" 1305
"C:/UE5/Unreal Projects/TheLostPirate/Content/AdvancedLocomotionV4/Blueprints/AnimNotifys/GroundedEntryState_AnimNotify.uasset" 1306
"C:/UE5/Unreal Projects/TheLostPirate/Content/AdvancedLocomotionV4/Blueprints/AnimNotifys/GroundedEntryState_AnimNotify.uexp" 1307
"C:/UE5/Unreal Projects/TheLostPirate/Content/AdvancedLocomotionV4/Blueprints/Misc/Sprint_CameraShake.uasset" 1308
"C:/UE5/Unreal Projects/TheLostPirate/Content/AdvancedLocomotionV4/Blueprints/Misc/Sprint_CameraShake.uexp" 1309
"C:/UE5/Unreal Projects/TheLostPirate/Content/AdvancedLocomotionV4/CharacterAssets/MannequinSkeleton/AnimationExamples/Actions/ALS_N_LandRoll_F.uasset" 1310
"C:/UE5/Unreal Projects/TheLostPirate/Content/AdvancedLocomotionV4/CharacterAssets/MannequinSkeleton/AnimationExamples/Actions/ALS_N_LandRoll_F.uexp" 1311
"C:/UE5/Unreal Projects/TheLostPirate/Content/AdvancedLocomotionV4/CharacterAssets/MannequinSkeleton/AnimationExamples/Actions/ALS_N_LandRoll_F_Montage_2H.uasset" 1312
"C:/UE5/Unreal Projects/TheLostPirate/Content/AdvancedLocomotionV4/CharacterAssets/MannequinSkeleton/AnimationExamples/Actions/ALS_N_LandRoll_F_Montage_2H.uexp" 1313
"C:/UE5/Unreal Projects/TheLostPirate/Content/AdvancedLocomotionV4/CharacterAssets/MannequinSkeleton/AnimationExamples/Actions/ALS_N_LandRoll_F_Montage_LH.uasset" 1314
"C:/UE5/Unreal Projects/TheLostPirate/Content/AdvancedLocomotionV4/CharacterAssets/MannequinSkeleton/AnimationExamples/Actions/ALS_N_LandRoll_F_Montage_LH.uexp" 1315
"C:/UE5/Unreal Projects/TheLostPirate/Content/SoundFX/DeathVoice/voice_male_c_death_11.ubulk" 1316
"C:/UE5/Unreal Projects/TheLostPirate/Content/SoundFX/DeathVoice/voice_male_c_death_11.uasset" 1317
"C:/UE5/Unreal Projects/TheLostPirate/Content/SoundFX/DeathVoice/voice_male_c_death_11.uexp" 1318
"C:/UE5/Unreal Projects/TheLostPirate/Content/SoundFX/DeathVoice/voice_male_c_death_14.ubulk" 1319
"C:/UE5/Unreal Projects/TheLostPirate/Content/SoundFX/DeathVoice/voice_male_c_death_14.uasset" 1320
"C:/UE5/Unreal Projects/TheLostPirate/Content/SoundFX/DeathVoice/voice_male_c_death_14.uexp" 1321
"C:/UE5/Unreal Projects/TheLostPirate/Content/SoundFX/DeathVoice/voice_male_c_death_15.ubulk" 1322
"C:/UE5/Unreal Projects/TheLostPirate/Content/SoundFX/DeathVoice/voice_male_c_death_15.uasset" 1323
"C:/UE5/Unreal Projects/TheLostPirate/Content/SoundFX/DeathVoice/voice_male_c_death_15.uexp" 1324
"C:/UE5/Unreal Projects/TheLostPirate/Content/SoundFX/DeathVoice/voice_male_c_death_16.ubulk" 1325
"C:/UE5/Unreal Projects/TheLostPirate/Content/SoundFX/DeathVoice/voice_male_c_death_16.uasset" 1326
"C:/UE5/Unreal Projects/TheLostPirate/Content/SoundFX/DeathVoice/voice_male_c_death_16.uexp" 1327
"C:/UE5/Unreal Projects/TheLostPirate/Content/SoundFX/DeathVoice/voice_male_c_death_17.ubulk" 1328
"C:/UE5/Unreal Projects/TheLostPirate/Content/SoundFX/DeathVoice/voice_male_c_death_17.uasset" 1329
"C:/UE5/Unreal Projects/TheLostPirate/Content/SoundFX/DeathVoice/voice_male_c_death_17.uexp" 1330
"C:/UE5/Unreal Projects/TheLostPirate/Content/SoundFX/DeathVoice/voice_male_c_death_07.ubulk" 1331
"C:/UE5/Unreal Projects/TheLostPirate/Content/SoundFX/DeathVoice/voice_male_c_death_07.uasset" 1332
"C:/UE5/Unreal Projects/TheLostPirate/Content/SoundFX/DeathVoice/voice_male_c_death_07.uexp" 1333
"C:/UE5/Unreal Projects/TheLostPirate/Content/SoundFX/DeathVoice/voice_male_c_effort_long_01.ubulk" 1334
"C:/UE5/Unreal Projects/TheLostPirate/Content/SoundFX/DeathVoice/voice_male_c_effort_long_01.uasset" 1335
"C:/UE5/Unreal Projects/TheLostPirate/Content/SoundFX/DeathVoice/voice_male_c_effort_long_01.uexp" 1336
"C:/UE5/Unreal Projects/TheLostPirate/Content/SoundFX/DamegeVoice/DamegeSoundAttenuation.uasset" 1337
"C:/UE5/Unreal Projects/TheLostPirate/Content/SoundFX/DamegeVoice/DamegeSoundAttenuation.uexp" 1338
"C:/UE5/Unreal Projects/TheLostPirate/Content/SoundFX/DeathVoice/voice_male_c_death_06.ubulk" 1339
"C:/UE5/Unreal Projects/TheLostPirate/Content/SoundFX/DeathVoice/voice_male_c_death_06.uasset" 1340
"C:/UE5/Unreal Projects/TheLostPirate/Content/SoundFX/DeathVoice/voice_male_c_death_06.uexp" 1341
"C:/UE5/Unreal Projects/TheLostPirate/Content/SoundFX/DeathVoice/EnemyDeath_Cue.uasset" 1342
"C:/UE5/Unreal Projects/TheLostPirate/Content/SoundFX/DeathVoice/EnemyDeath_Cue.uexp" 1343
"C:/UE5/Unreal Projects/TheLostPirate/Content/AdvancedLocomotionV4/CharacterAssets/MannequinSkeleton/AnimationExamples/Actions/ALS_N_Mantle_2m.uasset" 1344
"C:/UE5/Unreal Projects/TheLostPirate/Content/AdvancedLocomotionV4/CharacterAssets/MannequinSkeleton/AnimationExamples/Actions/ALS_N_Mantle_2m.uexp" 1345
"C:/UE5/Unreal Projects/TheLostPirate/Content/AdvancedLocomotionV4/Blueprints/AnimNotifys/EarlyBlendOut_NotifyState.uasset" 1346
"C:/UE5/Unreal Projects/TheLostPirate/Content/AdvancedLocomotionV4/Blueprints/AnimNotifys/EarlyBlendOut_NotifyState.uexp" 1347
"C:/UE5/Unreal Projects/TheLostPirate/Content/AdvancedLocomotionV4/CharacterAssets/MannequinSkeleton/AnimationExamples/Actions/ALS_N_Mantle_2m_Montage_Default.uasset" 1348
"C:/UE5/Unreal Projects/TheLostPirate/Content/AdvancedLocomotionV4/CharacterAssets/MannequinSkeleton/AnimationExamples/Actions/ALS_N_Mantle_2m_Montage_Default.uexp" 1349
"C:/UE5/Unreal Projects/TheLostPirate/Content/SoundFX/DeathVoice/Death_Cue.uasset" 1350
"C:/UE5/Unreal Projects/TheLostPirate/Content/SoundFX/DeathVoice/Death_Cue.uexp" 1351
"C:/UE5/Unreal Projects/TheLostPirate/Content/AdvancedLocomotionV4/Data/Curves/MantleCurves/Mantle_2m.uasset" 1352
"C:/UE5/Unreal Projects/TheLostPirate/Content/AdvancedLocomotionV4/Data/Curves/MantleCurves/Mantle_2m.uexp" 1353
"C:/UE5/Unreal Projects/TheLostPirate/Content/AdvancedLocomotionV4/CharacterAssets/MannequinSkeleton/AnimationExamples/Actions/ALS_N_Mantle_1m_RH.uasset" 1354
"C:/UE5/Unreal Projects/TheLostPirate/Content/AdvancedLocomotionV4/CharacterAssets/MannequinSkeleton/AnimationExamples/Actions/ALS_N_Mantle_1m_RH.uexp" 1355
"C:/UE5/Unreal Projects/TheLostPirate/Content/AdvancedLocomotionV4/CharacterAssets/MannequinSkeleton/AnimationExamples/Actions/ALS_N_Mantle_1m_LH.uasset" 1356
"C:/UE5/Unreal Projects/TheLostPirate/Content/AdvancedLocomotionV4/CharacterAssets/MannequinSkeleton/AnimationExamples/Actions/ALS_N_Mantle_1m_LH.uexp" 1357
"C:/UE5/Unreal Projects/TheLostPirate/Content/AdvancedLocomotionV4/CharacterAssets/MannequinSkeleton/AnimationExamples/Actions/ALS_N_Mantle_1m_Montage_LH.uasset" 1358
"C:/UE5/Unreal Projects/TheLostPirate/Content/AdvancedLocomotionV4/CharacterAssets/MannequinSkeleton/AnimationExamples/Actions/ALS_N_Mantle_1m_Montage_LH.uexp" 1359
"C:/UE5/Unreal Projects/TheLostPirate/Content/AdvancedLocomotionV4/CharacterAssets/MannequinSkeleton/AnimationExamples/Actions/ALS_CLF_GetUp_Back.uasset" 1360
"C:/UE5/Unreal Projects/TheLostPirate/Content/AdvancedLocomotionV4/CharacterAssets/MannequinSkeleton/AnimationExamples/Actions/ALS_CLF_GetUp_Back.uexp" 1361
"C:/UE5/Unreal Projects/TheLostPirate/Content/AdvancedLocomotionV4/CharacterAssets/MannequinSkeleton/AnimationExamples/Actions/ALS_CLF_GetUp_Back_Montage_Default.uasset" 1362
"C:/UE5/Unreal Projects/TheLostPirate/Content/AdvancedLocomotionV4/CharacterAssets/MannequinSkeleton/AnimationExamples/Actions/ALS_CLF_GetUp_Back_Montage_Default.uexp" 1363
"C:/UE5/Unreal Projects/TheLostPirate/Content/AdvancedLocomotionV4/CharacterAssets/MannequinSkeleton/AnimationExamples/Actions/ALS_N_Mantle_1m_Montage_Default.uasset" 1364
"C:/UE5/Unreal Projects/TheLostPirate/Content/AdvancedLocomotionV4/CharacterAssets/MannequinSkeleton/AnimationExamples/Actions/ALS_N_Mantle_1m_Montage_Default.uexp" 1365
"C:/UE5/Unreal Projects/TheLostPirate/Content/AdvancedLocomotionV4/Data/Structs/ALS_ComponentAndTransform.uasset" 1366
"C:/UE5/Unreal Projects/TheLostPirate/Content/AdvancedLocomotionV4/Data/Structs/ALS_ComponentAndTransform.uexp" 1367
"C:/UE5/Unreal Projects/TheLostPirate/Content/AdvancedLocomotionV4/Data/Enums/MantleType.uasset" 1368
"C:/UE5/Unreal Projects/TheLostPirate/Content/AdvancedLocomotionV4/Data/Enums/MantleType.uexp" 1369
"C:/UE5/Unreal Projects/TheLostPirate/Content/AdvancedLocomotionV4/CharacterAssets/MannequinSkeleton/Materials/M_AnimMan_Eyes.uasset" 1370
"C:/UE5/Unreal Projects/TheLostPirate/Content/AdvancedLocomotionV4/CharacterAssets/MannequinSkeleton/Materials/M_AnimMan_Eyes.uexp" 1371
"C:/UE5/Unreal Projects/TheLostPirate/Content/AdvancedLocomotionV4/CharacterAssets/MannequinSkeleton/Materials/M_AnimMan_Default.uasset" 1372
"C:/UE5/Unreal Projects/TheLostPirate/Content/AdvancedLocomotionV4/CharacterAssets/MannequinSkeleton/Materials/M_AnimMan_Default.uexp" 1373
"C:/UE5/Unreal Projects/TheLostPirate/Content/AdvancedLocomotionV4/CharacterAssets/MannequinSkeleton/PhysicsAssets/AnimMan_PhysicsAsset.uasset" 1374
"C:/UE5/Unreal Projects/TheLostPirate/Content/AdvancedLocomotionV4/CharacterAssets/MannequinSkeleton/PhysicsAssets/AnimMan_PhysicsAsset.uexp" 1375
"C:/UE5/Unreal Projects/TheLostPirate/Content/AdvancedLocomotionV4/CharacterAssets/MannequinSkeleton/Meshes/AnimMan.uasset" 1376
"C:/UE5/Unreal Projects/TheLostPirate/Content/AdvancedLocomotionV4/CharacterAssets/MannequinSkeleton/Meshes/AnimMan.uexp" 1377
"C:/UE5/Unreal Projects/TheLostPirate/Content/AdvancedLocomotionV4/Props/Materials/M_Prop_Binoculars.uasset" 1378
"C:/UE5/Unreal Projects/TheLostPirate/Content/AdvancedLocomotionV4/Props/Materials/M_Prop_Binoculars.uexp" 1379
"C:/UE5/Unreal Projects/TheLostPirate/Content/AdvancedLocomotionV4/Props/Meshes/Binoculars.ubulk" 1380
"C:/UE5/Unreal Projects/TheLostPirate/Content/AdvancedLocomotionV4/Props/Meshes/Binoculars.uasset" 1381
"C:/UE5/Unreal Projects/TheLostPirate/Content/AdvancedLocomotionV4/Props/Meshes/Binoculars.uexp" 1382
"C:/UE5/Unreal Projects/TheLostPirate/Content/AdvancedLocomotionV4/CharacterAssets/MannequinSkeleton/AnimationExamples/Actions/ALS_N_LandRoll_F_Montage_RH.uasset" 1383
"C:/UE5/Unreal Projects/TheLostPirate/Content/AdvancedLocomotionV4/CharacterAssets/MannequinSkeleton/AnimationExamples/Actions/ALS_N_LandRoll_F_Montage_RH.uexp" 1384
"C:/UE5/Unreal Projects/TheLostPirate/Content/AdvancedLocomotionV4/Data/Structs/Mantle_Asset.uasset" 1385
"C:/UE5/Unreal Projects/TheLostPirate/Content/AdvancedLocomotionV4/Data/Structs/Mantle_Asset.uexp" 1386
"C:/UE5/Unreal Projects/TheLostPirate/Content/AdvancedLocomotionV4/Props/Meshes/Box.ubulk" 1387
"C:/UE5/Unreal Projects/TheLostPirate/Content/AdvancedLocomotionV4/Props/Meshes/Box.uasset" 1388
"C:/UE5/Unreal Projects/TheLostPirate/Content/AdvancedLocomotionV4/Props/Meshes/Box.uexp" 1389
"C:/UE5/Unreal Projects/TheLostPirate/Content/AdvancedLocomotionV4/Data/Curves/MantleCurves/Mantle_1m.uasset" 1390
"C:/UE5/Unreal Projects/TheLostPirate/Content/AdvancedLocomotionV4/Data/Curves/MantleCurves/Mantle_1m.uexp" 1391
"C:/UE5/Unreal Projects/TheLostPirate/Content/AdvancedLocomotionV4/CharacterAssets/MannequinSkeleton/AnimationExamples/Actions/ALS_N_Mantle_1m_Montage_2H.uasset" 1392
"C:/UE5/Unreal Projects/TheLostPirate/Content/AdvancedLocomotionV4/CharacterAssets/MannequinSkeleton/AnimationExamples/Actions/ALS_N_Mantle_1m_Montage_2H.uexp" 1393
"C:/UE5/Unreal Projects/TheLostPirate/Content/AdvancedLocomotionV4/CharacterAssets/MannequinSkeleton/AnimationExamples/Actions/ALS_N_LandRoll_F_Montage_Default.uasset" 1394
"C:/UE5/Unreal Projects/TheLostPirate/Content/AdvancedLocomotionV4/CharacterAssets/MannequinSkeleton/AnimationExamples/Actions/ALS_N_LandRoll_F_Montage_Default.uexp" 1395
"C:/UE5/Unreal Projects/TheLostPirate/Content/SoundFX/Shoot/ShootFX4.ubulk" 1396
"C:/UE5/Unreal Projects/TheLostPirate/Content/SoundFX/Shoot/ShootFX4.uasset" 1397
"C:/UE5/Unreal Projects/TheLostPirate/Content/SoundFX/Shoot/ShootFX4.uexp" 1398
"C:/UE5/Unreal Projects/TheLostPirate/Content/SoundFX/Shoot/ShootFX.ubulk" 1399
"C:/UE5/Unreal Projects/TheLostPirate/Content/SoundFX/Shoot/ShootFX.uasset" 1400
"C:/UE5/Unreal Projects/TheLostPirate/Content/SoundFX/Shoot/ShootFX.uexp" 1401
"C:/UE5/Unreal Projects/TheLostPirate/Content/SoundFX/Shoot/ShootFX3.ubulk" 1402
"C:/UE5/Unreal Projects/TheLostPirate/Content/SoundFX/Shoot/ShootFX3.uasset" 1403
"C:/UE5/Unreal Projects/TheLostPirate/Content/SoundFX/Shoot/ShootFX3.uexp" 1404
"C:/UE5/Unreal Projects/TheLostPirate/Content/SoundFX/Shoot/ShootFX2.ubulk" 1405
"C:/UE5/Unreal Projects/TheLostPirate/Content/SoundFX/Shoot/ShootFX2.uasset" 1406
"C:/UE5/Unreal Projects/TheLostPirate/Content/SoundFX/Shoot/ShootFX2.uexp" 1407
"C:/UE5/Unreal Projects/TheLostPirate/Content/SoundFX/Shoot/SimpleAttenuation.uasset" 1408
"C:/UE5/Unreal Projects/TheLostPirate/Content/SoundFX/Shoot/SimpleAttenuation.uexp" 1409
"C:/UE5/Unreal Projects/TheLostPirate/Content/SoundFX/Shoot/ShootFX_Cue.uasset" 1410
"C:/UE5/Unreal Projects/TheLostPirate/Content/SoundFX/Shoot/ShootFX_Cue.uexp" 1411
"C:/UE5/Unreal Projects/TheLostPirate/Content/AdvancedLocomotionV4/Props/Meshes/Bow_Draw.uasset" 1412
"C:/UE5/Unreal Projects/TheLostPirate/Content/AdvancedLocomotionV4/Props/Meshes/Bow_Draw.uexp" 1413
"C:/UE5/Unreal Projects/TheLostPirate/Content/AdvancedLocomotionV4/Props/Meshes/Bow_AnimBP.uasset" 1414
"C:/UE5/Unreal Projects/TheLostPirate/Content/AdvancedLocomotionV4/Props/Meshes/Bow_AnimBP.uexp" 1415
"C:/UE5/Unreal Projects/TheLostPirate/Content/AdvancedLocomotionV4/CharacterAssets/MannequinSkeleton/PhysicsAssets/Mannequin_PhysicsAsset.uasset" 1416
"C:/UE5/Unreal Projects/TheLostPirate/Content/AdvancedLocomotionV4/CharacterAssets/MannequinSkeleton/PhysicsAssets/Mannequin_PhysicsAsset.uexp" 1417
"C:/UE5/Unreal Projects/TheLostPirate/Content/AdvancedLocomotionV4/CharacterAssets/MannequinSkeleton/Materials/Textures/UE4Man_Logo_N.ubulk" 1418
"C:/UE5/Unreal Projects/TheLostPirate/Content/AdvancedLocomotionV4/CharacterAssets/MannequinSkeleton/Materials/Textures/UE4Man_Logo_N.uasset" 1419
"C:/UE5/Unreal Projects/TheLostPirate/Content/AdvancedLocomotionV4/CharacterAssets/MannequinSkeleton/Materials/Textures/UE4Man_Logo_N.uexp" 1420
"C:/UE5/Unreal Projects/TheLostPirate/Content/AdvancedLocomotionV4/CharacterAssets/MannequinSkeleton/Materials/Textures/UE4_LOGO_CARD.ubulk" 1421
"C:/UE5/Unreal Projects/TheLostPirate/Content/AdvancedLocomotionV4/CharacterAssets/MannequinSkeleton/Materials/Textures/UE4_LOGO_CARD.uasset" 1422
"C:/UE5/Unreal Projects/TheLostPirate/Content/AdvancedLocomotionV4/CharacterAssets/MannequinSkeleton/Materials/Textures/UE4_LOGO_CARD.uexp" 1423
"C:/UE5/Unreal Projects/TheLostPirate/Content/AdvancedLocomotionV4/CharacterAssets/MannequinSkeleton/Materials/M_Mannequin_Logo.uasset" 1424
"C:/UE5/Unreal Projects/TheLostPirate/Content/AdvancedLocomotionV4/CharacterAssets/MannequinSkeleton/Materials/M_Mannequin_Logo.uexp" 1425
"C:/UE5/Unreal Projects/TheLostPirate/Content/AdvancedLocomotionV4/CharacterAssets/MannequinSkeleton/Materials/Textures/UE4_Mannequin__normals.ubulk" 1426
"C:/UE5/Unreal Projects/TheLostPirate/Content/AdvancedLocomotionV4/CharacterAssets/MannequinSkeleton/Materials/Textures/UE4_Mannequin__normals.uasset" 1427
"C:/UE5/Unreal Projects/TheLostPirate/Content/AdvancedLocomotionV4/CharacterAssets/MannequinSkeleton/Materials/Textures/UE4_Mannequin__normals.uexp" 1428
"C:/UE5/Unreal Projects/TheLostPirate/Content/AdvancedLocomotionV4/CharacterAssets/MannequinSkeleton/Materials/Textures/UE4_Mannequin_MAT_MASKA.ubulk" 1429
"C:/UE5/Unreal Projects/TheLostPirate/Content/AdvancedLocomotionV4/CharacterAssets/MannequinSkeleton/Materials/Textures/UE4_Mannequin_MAT_MASKA.uasset" 1430
"C:/UE5/Unreal Projects/TheLostPirate/Content/AdvancedLocomotionV4/CharacterAssets/MannequinSkeleton/Materials/Textures/UE4_Mannequin_MAT_MASKA.uexp" 1431
"C:/UE5/Unreal Projects/TheLostPirate/Content/AdvancedLocomotionV4/CharacterAssets/MannequinSkeleton/Materials/M_Mannequin_Body.uasset" 1432
"C:/UE5/Unreal Projects/TheLostPirate/Content/AdvancedLocomotionV4/CharacterAssets/MannequinSkeleton/Materials/M_Mannequin_Body.uexp" 1433
"C:/UE5/Unreal Projects/TheLostPirate/Content/AdvancedLocomotionV4/CharacterAssets/MannequinSkeleton/Meshes/Mannequin.uasset" 1434
"C:/UE5/Unreal Projects/TheLostPirate/Content/AdvancedLocomotionV4/CharacterAssets/MannequinSkeleton/Meshes/Mannequin.uexp" 1435
"C:/UE5/Unreal Projects/TheLostPirate/Content/AdvancedLocomotionV4/CharacterAssets/MannequinSkeleton/AnimationExamples/Actions/ALS_CLF_GetUp_Front_Montage_Default.uasset" 1436
"C:/UE5/Unreal Projects/TheLostPirate/Content/AdvancedLocomotionV4/CharacterAssets/MannequinSkeleton/AnimationExamples/Actions/ALS_CLF_GetUp_Front_Montage_Default.uexp" 1437
"C:/UE5/Unreal Projects/TheLostPirate/Content/AdvancedLocomotionV4/CharacterAssets/MannequinSkeleton/AnimationExamples/Actions/ALS_CLF_GetUp_Front_Montage_RH.uasset" 1438
"C:/UE5/Unreal Projects/TheLostPirate/Content/AdvancedLocomotionV4/CharacterAssets/MannequinSkeleton/AnimationExamples/Actions/ALS_CLF_GetUp_Front_Montage_RH.uexp" 1439
"C:/UE5/Unreal Projects/TheLostPirate/Content/AdvancedLocomotionV4/CharacterAssets/MannequinSkeleton/AnimationExamples/Actions/ALS_N_Mantle_1m_Montage_Box.uasset" 1440
"C:/UE5/Unreal Projects/TheLostPirate/Content/AdvancedLocomotionV4/CharacterAssets/MannequinSkeleton/AnimationExamples/Actions/ALS_N_Mantle_1m_Montage_Box.uexp" 1441
"C:/UE5/Unreal Projects/TheLostPirate/Content/UI/Interact_HUD.uasset" 1442
"C:/UE5/Unreal Projects/TheLostPirate/Content/UI/Interact_HUD.uexp" 1443
"C:/UE5/Unreal Projects/TheLostPirate/Content/AdvancedLocomotionV4/CharacterAssets/MannequinSkeleton/AnimationExamples/Actions/ALS_CLF_GetUp_Front_Montage_LH.uasset" 1444
"C:/UE5/Unreal Projects/TheLostPirate/Content/AdvancedLocomotionV4/CharacterAssets/MannequinSkeleton/AnimationExamples/Actions/ALS_CLF_GetUp_Front_Montage_LH.uexp" 1445
"C:/UE5/Unreal Projects/TheLostPirate/Content/AdvancedLocomotionV4/Blueprints/Interfaces/ALS_Controller_BPI.uasset" 1446
"C:/UE5/Unreal Projects/TheLostPirate/Content/AdvancedLocomotionV4/Blueprints/Interfaces/ALS_Controller_BPI.uexp" 1447
"C:/UE5/Unreal Projects/TheLostPirate/Content/AdvancedLocomotionV4/Props/Materials/M_Prop_M4A1.uasset" 1448
"C:/UE5/Unreal Projects/TheLostPirate/Content/AdvancedLocomotionV4/Props/Materials/M_Prop_M4A1.uexp" 1449
"C:/UE5/Unreal Projects/TheLostPirate/Content/AdvancedLocomotionV4/Props/Meshes/M4A1_Skeleton.uasset" 1450
"C:/UE5/Unreal Projects/TheLostPirate/Content/AdvancedLocomotionV4/Props/Meshes/M4A1_Skeleton.uexp" 1451
"C:/UE5/Unreal Projects/TheLostPirate/Content/AdvancedLocomotionV4/Props/Meshes/M4A1.uasset" 1452
"C:/UE5/Unreal Projects/TheLostPirate/Content/AdvancedLocomotionV4/Props/Meshes/M4A1.uexp" 1453
"C:/UE5/Unreal Projects/TheLostPirate/Content/ParagonGideon/Characters/Heroes/Gideon/Skins/Undertow/Textures/T_Undertow_Wheel_Mask.ubulk" 1454
"C:/UE5/Unreal Projects/TheLostPirate/Content/ParagonGideon/Characters/Heroes/Gideon/Skins/Undertow/Textures/T_Undertow_Wheel_Mask.uasset" 1455
"C:/UE5/Unreal Projects/TheLostPirate/Content/ParagonGideon/Characters/Heroes/Gideon/Skins/Undertow/Textures/T_Undertow_Wheel_Mask.uexp" 1456
"C:/UE5/Unreal Projects/TheLostPirate/Content/ParagonGideon/Characters/Heroes/Gideon/Materials/MF_Gideon_RingDissolve_Skins.uasset" 1457
"C:/UE5/Unreal Projects/TheLostPirate/Content/ParagonGideon/Characters/Heroes/Gideon/Materials/MF_Gideon_RingDissolve_Skins.uexp" 1458
"C:/UE5/Unreal Projects/TheLostPirate/Content/ParagonGideon/Characters/Global/MaterialLayers/Skin/T_TilingBone_HighContrast.ubulk" 1459
"C:/UE5/Unreal Projects/TheLostPirate/Content/ParagonGideon/Characters/Global/MaterialLayers/Skin/T_TilingBone_HighContrast.uasset" 1460
"C:/UE5/Unreal Projects/TheLostPirate/Content/ParagonGideon/Characters/Global/MaterialLayers/Skin/T_TilingBone_HighContrast.uexp" 1461
"C:/UE5/Unreal Projects/TheLostPirate/Content/ParagonGideon/Characters/Global/MaterialLayers/Metal/T_Metal_Patina_N.ubulk" 1462
"C:/UE5/Unreal Projects/TheLostPirate/Content/ParagonGideon/Characters/Global/MaterialLayers/Metal/T_Metal_Patina_N.uasset" 1463
"C:/UE5/Unreal Projects/TheLostPirate/Content/ParagonGideon/Characters/Global/MaterialLayers/Metal/T_Metal_Patina_N.uexp" 1464
"C:/UE5/Unreal Projects/TheLostPirate/Content/ParagonGideon/Characters/Global/MaterialLayers/Skin/ML_HighContrastBone.uasset" 1465
"C:/UE5/Unreal Projects/TheLostPirate/Content/ParagonGideon/Characters/Global/MaterialLayers/Skin/ML_HighContrastBone.uexp" 1466
"C:/UE5/Unreal Projects/TheLostPirate/Content/ParagonGideon/Characters/Global/MaterialLayers/Wood/T_Wood01_D.ubulk" 1467
"C:/UE5/Unreal Projects/TheLostPirate/Content/ParagonGideon/Characters/Global/MaterialLayers/Wood/T_Wood01_D.uasset" 1468
"C:/UE5/Unreal Projects/TheLostPirate/Content/ParagonGideon/Characters/Global/MaterialLayers/Wood/T_Wood01_D.uexp" 1469
"C:/UE5/Unreal Projects/TheLostPirate/Content/ParagonGideon/Characters/Global/MaterialLayers/Wood/ML_Wood01.uasset" 1470
"C:/UE5/Unreal Projects/TheLostPirate/Content/ParagonGideon/Characters/Global/MaterialLayers/Wood/ML_Wood01.uexp" 1471
"../../../Engine/Content/Functions/MaterialLayerFunctions/MatLayerBlend_ModulateRoughness.uasset" 1472
"../../../Engine/Content/Functions/MaterialLayerFunctions/MatLayerBlend_ModulateRoughness.uexp" 1473
"C:/UE5/Unreal Projects/TheLostPirate/Content/ParagonGideon/Characters/Heroes/Gideon/Skins/Undertow/Textures/T_Gideon_Wheel_Demo_N.ubulk" 1474
"C:/UE5/Unreal Projects/TheLostPirate/Content/ParagonGideon/Characters/Heroes/Gideon/Skins/Undertow/Textures/T_Gideon_Wheel_Demo_N.uasset" 1475
"C:/UE5/Unreal Projects/TheLostPirate/Content/ParagonGideon/Characters/Heroes/Gideon/Skins/Undertow/Textures/T_Gideon_Wheel_Demo_N.uexp" 1476
"C:/UE5/Unreal Projects/TheLostPirate/Content/ParagonGideon/Characters/Heroes/Gideon/Skins/Undertow/Textures/T_Undertow_Wheel_RGB.ubulk" 1477
"C:/UE5/Unreal Projects/TheLostPirate/Content/ParagonGideon/Characters/Heroes/Gideon/Skins/Undertow/Textures/T_Undertow_Wheel_RGB.uasset" 1478
"C:/UE5/Unreal Projects/TheLostPirate/Content/ParagonGideon/Characters/Heroes/Gideon/Skins/Undertow/Textures/T_Undertow_Wheel_RGB.uexp" 1479
"C:/UE5/Unreal Projects/TheLostPirate/Content/ParagonGideon/Characters/Global/MaterialLayers/Metal/ML_WarmGold.uasset" 1480
"C:/UE5/Unreal Projects/TheLostPirate/Content/ParagonGideon/Characters/Global/MaterialLayers/Metal/ML_WarmGold.uexp" 1481
"C:/UE5/Unreal Projects/TheLostPirate/Content/ParagonGideon/Characters/Heroes/Gideon/Skins/Undertow/Materials/M_Undertow_Wheel_Demo.uasset" 1482
"C:/UE5/Unreal Projects/TheLostPirate/Content/ParagonGideon/Characters/Heroes/Gideon/Skins/Undertow/Materials/M_Undertow_Wheel_Demo.uexp" 1483
"C:/UE5/Unreal Projects/TheLostPirate/Content/ParagonGideon/Characters/Heroes/Gideon/Skins/Undertow/Materials/MIC_UnderTow_Wheel_Spokes.uasset" 1484
"C:/UE5/Unreal Projects/TheLostPirate/Content/ParagonGideon/Characters/Heroes/Gideon/Skins/Undertow/Materials/MIC_UnderTow_Wheel_Spokes.uexp" 1485
"../../../Engine/Content/Functions/MaterialLayerFunctions/MatLayerBlend_NormalFlatten.uasset" 1486
"../../../Engine/Content/Functions/MaterialLayerFunctions/MatLayerBlend_NormalFlatten.uexp" 1487
"C:/UE5/Unreal Projects/TheLostPirate/Content/ParagonGideon/Characters/Global/MaterialLayers/Fabric/T_Velvet_Thick_N.ubulk" 1488
"C:/UE5/Unreal Projects/TheLostPirate/Content/ParagonGideon/Characters/Global/MaterialLayers/Fabric/T_Velvet_Thick_N.uasset" 1489
"C:/UE5/Unreal Projects/TheLostPirate/Content/ParagonGideon/Characters/Global/MaterialLayers/Fabric/T_Velvet_Thick_N.uexp" 1490
"C:/UE5/Unreal Projects/TheLostPirate/Content/ParagonGideon/Characters/Global/MaterialLayers/Fabric/T_Velvet_Thick_MASKS.ubulk" 1491
"C:/UE5/Unreal Projects/TheLostPirate/Content/ParagonGideon/Characters/Global/MaterialLayers/Fabric/T_Velvet_Thick_MASKS.uasset" 1492
"C:/UE5/Unreal Projects/TheLostPirate/Content/ParagonGideon/Characters/Global/MaterialLayers/Fabric/T_Velvet_Thick_MASKS.uexp" 1493
"C:/UE5/Unreal Projects/TheLostPirate/Content/ParagonGideon/Characters/Global/MaterialLayers/Fabric/ML_Velvet_Thick.uasset" 1494
"C:/UE5/Unreal Projects/TheLostPirate/Content/ParagonGideon/Characters/Global/MaterialLayers/Fabric/ML_Velvet_Thick.uexp" 1495
"C:/UE5/Unreal Projects/TheLostPirate/Content/ParagonGideon/Characters/Heroes/Gideon/Skins/Undertow/Materials/Layers/MF_Undertow_Cloth.uasset" 1496
"C:/UE5/Unreal Projects/TheLostPirate/Content/ParagonGideon/Characters/Heroes/Gideon/Skins/Undertow/Materials/Layers/MF_Undertow_Cloth.uexp" 1497
"C:/UE5/Unreal Projects/TheLostPirate/Content/ParagonGideon/Characters/Heroes/Gideon/Textures/T_metalC.ubulk" 1498
"C:/UE5/Unreal Projects/TheLostPirate/Content/ParagonGideon/Characters/Heroes/Gideon/Textures/T_metalC.uasset" 1499
"C:/UE5/Unreal Projects/TheLostPirate/Content/ParagonGideon/Characters/Heroes/Gideon/Textures/T_metalC.uexp" 1500
"../../../Engine/Content/Functions/Engine_MaterialFunctions02/Texturing/CustomRotator.uasset" 1501
"../../../Engine/Content/Functions/Engine_MaterialFunctions02/Texturing/CustomRotator.uexp" 1502
"C:/UE5/Unreal Projects/TheLostPirate/Content/ParagonGideon/Characters/Global/MaterialLayers/Metal/T_RoughMetal01_N2.ubulk" 1503
"C:/UE5/Unreal Projects/TheLostPirate/Content/ParagonGideon/Characters/Global/MaterialLayers/Metal/T_RoughMetal01_N2.uasset" 1504
"C:/UE5/Unreal Projects/TheLostPirate/Content/ParagonGideon/Characters/Global/MaterialLayers/Metal/T_RoughMetal01_N2.uexp" 1505
"C:/UE5/Unreal Projects/TheLostPirate/Content/ParagonGideon/Characters/Global/MaterialLayers/Wood/T_DistressedWood_N.ubulk" 1506
"C:/UE5/Unreal Projects/TheLostPirate/Content/ParagonGideon/Characters/Global/MaterialLayers/Wood/T_DistressedWood_N.uasset" 1507
"C:/UE5/Unreal Projects/TheLostPirate/Content/ParagonGideon/Characters/Global/MaterialLayers/Wood/T_DistressedWood_N.uexp" 1508
"C:/UE5/Unreal Projects/TheLostPirate/Content/ParagonGideon/Characters/Global/MaterialLayers/Wood/T_DistressedWood.ubulk" 1509
"C:/UE5/Unreal Projects/TheLostPirate/Content/ParagonGideon/Characters/Global/MaterialLayers/Wood/T_DistressedWood.uasset" 1510
"C:/UE5/Unreal Projects/TheLostPirate/Content/ParagonGideon/Characters/Global/MaterialLayers/Wood/T_DistressedWood.uexp" 1511
"C:/UE5/Unreal Projects/TheLostPirate/Content/ParagonGideon/Characters/Heroes/Gideon/Skins/Undertow/Materials/woodUndersea.uasset" 1512
"C:/UE5/Unreal Projects/TheLostPirate/Content/ParagonGideon/Characters/Heroes/Gideon/Skins/Undertow/Materials/woodUndersea.uexp" 1513
"../../../Engine/Content/Functions/MaterialLayerFunctions/MatLayerBlend_NormalBlend.uasset" 1514
"../../../Engine/Content/Functions/MaterialLayerFunctions/MatLayerBlend_NormalBlend.uexp" 1515
"C:/UE5/Unreal Projects/TheLostPirate/Content/ParagonGideon/Characters/Global/MaterialLayers/Skin/T_TilingBone.ubulk" 1516
"C:/UE5/Unreal Projects/TheLostPirate/Content/ParagonGideon/Characters/Global/MaterialLayers/Skin/T_TilingBone.uasset" 1517
"C:/UE5/Unreal Projects/TheLostPirate/Content/ParagonGideon/Characters/Global/MaterialLayers/Skin/T_TilingBone.uexp" 1518
"C:/UE5/Unreal Projects/TheLostPirate/Content/ParagonGideon/Characters/Global/MaterialLayers/Skin/ML_LowContrastBone.uasset" 1519
"C:/UE5/Unreal Projects/TheLostPirate/Content/ParagonGideon/Characters/Global/MaterialLayers/Skin/ML_LowContrastBone.uexp" 1520
"C:/UE5/Unreal Projects/TheLostPirate/Content/ParagonGideon/Characters/Heroes/Gideon/Textures/T_wood.ubulk" 1521
"C:/UE5/Unreal Projects/TheLostPirate/Content/ParagonGideon/Characters/Heroes/Gideon/Textures/T_wood.uasset" 1522
"C:/UE5/Unreal Projects/TheLostPirate/Content/ParagonGideon/Characters/Heroes/Gideon/Textures/T_wood.uexp" 1523
"C:/UE5/Unreal Projects/TheLostPirate/Content/ParagonGideon/Characters/Heroes/Gideon/Skins/Undertow/Textures/T_Gideon_Legs_Demo_Opacity.ubulk" 1524
"C:/UE5/Unreal Projects/TheLostPirate/Content/ParagonGideon/Characters/Heroes/Gideon/Skins/Undertow/Textures/T_Gideon_Legs_Demo_Opacity.uasset" 1525
"C:/UE5/Unreal Projects/TheLostPirate/Content/ParagonGideon/Characters/Heroes/Gideon/Skins/Undertow/Textures/T_Gideon_Legs_Demo_Opacity.uexp" 1526
"C:/UE5/Unreal Projects/TheLostPirate/Content/ParagonGideon/Characters/Heroes/Gideon/Skins/Undertow/Textures/T_Undertow_Legs_Mask1.ubulk" 1527
"C:/UE5/Unreal Projects/TheLostPirate/Content/ParagonGideon/Characters/Heroes/Gideon/Skins/Undertow/Textures/T_Undertow_Legs_Mask1.uasset" 1528
"C:/UE5/Unreal Projects/TheLostPirate/Content/ParagonGideon/Characters/Heroes/Gideon/Skins/Undertow/Textures/T_Undertow_Legs_Mask1.uexp" 1529
"C:/UE5/Unreal Projects/TheLostPirate/Content/ParagonGideon/Characters/Heroes/Gideon/Skins/Undertow/Textures/T_Gideon_Legs_Demo_N.ubulk" 1530
"C:/UE5/Unreal Projects/TheLostPirate/Content/ParagonGideon/Characters/Heroes/Gideon/Skins/Undertow/Textures/T_Gideon_Legs_Demo_N.uasset" 1531
"C:/UE5/Unreal Projects/TheLostPirate/Content/ParagonGideon/Characters/Heroes/Gideon/Skins/Undertow/Textures/T_Gideon_Legs_Demo_N.uexp" 1532
"C:/UE5/Unreal Projects/TheLostPirate/Content/ParagonGideon/Characters/Heroes/Gideon/Skins/Undertow/Textures/T_Undertow_Legs_Mask2.ubulk" 1533
"C:/UE5/Unreal Projects/TheLostPirate/Content/ParagonGideon/Characters/Heroes/Gideon/Skins/Undertow/Textures/T_Undertow_Legs_Mask2.uasset" 1534
"C:/UE5/Unreal Projects/TheLostPirate/Content/ParagonGideon/Characters/Heroes/Gideon/Skins/Undertow/Textures/T_Undertow_Legs_Mask2.uexp" 1535
"C:/UE5/Unreal Projects/TheLostPirate/Content/ParagonGideon/Characters/Global/MaterialLayers/Metal/T_Metal_Precious_Old_N.ubulk" 1536
"C:/UE5/Unreal Projects/TheLostPirate/Content/ParagonGideon/Characters/Global/MaterialLayers/Metal/T_Metal_Precious_Old_N.uasset" 1537
"C:/UE5/Unreal Projects/TheLostPirate/Content/ParagonGideon/Characters/Global/MaterialLayers/Metal/T_Metal_Precious_Old_N.uexp" 1538
"C:/UE5/Unreal Projects/TheLostPirate/Content/ParagonGideon/Characters/Global/MaterialLayers/Metal/T_Metal_Precious_Old_RGBA.ubulk" 1539
"C:/UE5/Unreal Projects/TheLostPirate/Content/ParagonGideon/Characters/Global/MaterialLayers/Metal/T_Metal_Precious_Old_RGBA.uasset" 1540
"C:/UE5/Unreal Projects/TheLostPirate/Content/ParagonGideon/Characters/Global/MaterialLayers/Metal/T_Metal_Precious_Old_RGBA.uexp" 1541
"C:/UE5/Unreal Projects/TheLostPirate/Content/ParagonGideon/Characters/Global/MaterialLayers/Metal/ML_Precious_Metal_Old.uasset" 1542
"C:/UE5/Unreal Projects/TheLostPirate/Content/ParagonGideon/Characters/Global/MaterialLayers/Metal/ML_Precious_Metal_Old.uexp" 1543
"C:/UE5/Unreal Projects/TheLostPirate/Content/ParagonGideon/Characters/Heroes/Gideon/Textures/T_leather.ubulk" 1544
"C:/UE5/Unreal Projects/TheLostPirate/Content/ParagonGideon/Characters/Heroes/Gideon/Textures/T_leather.uasset" 1545
"C:/UE5/Unreal Projects/TheLostPirate/Content/ParagonGideon/Characters/Heroes/Gideon/Textures/T_leather.uexp" 1546
"C:/UE5/Unreal Projects/TheLostPirate/Content/ParagonGideon/Characters/Global/MaterialLayers/Fabric/T_ML_Fabric_Blue_Medium_N.ubulk" 1547
"C:/UE5/Unreal Projects/TheLostPirate/Content/ParagonGideon/Characters/Global/MaterialLayers/Fabric/T_ML_Fabric_Blue_Medium_N.uasset" 1548
"C:/UE5/Unreal Projects/TheLostPirate/Content/ParagonGideon/Characters/Global/MaterialLayers/Fabric/T_ML_Fabric_Blue_Medium_N.uexp" 1549
"C:/UE5/Unreal Projects/TheLostPirate/Content/ParagonGideon/Characters/Global/MaterialLayers/Fabric/T_ML_Fabric_Shiny_Gray.ubulk" 1550
"C:/UE5/Unreal Projects/TheLostPirate/Content/ParagonGideon/Characters/Global/MaterialLayers/Fabric/T_ML_Fabric_Shiny_Gray.uasset" 1551
"C:/UE5/Unreal Projects/TheLostPirate/Content/ParagonGideon/Characters/Global/MaterialLayers/Fabric/T_ML_Fabric_Shiny_Gray.uexp" 1552
"C:/UE5/Unreal Projects/TheLostPirate/Content/ParagonGideon/Characters/Heroes/Gideon/Textures/T_G.ubulk" 1553
"C:/UE5/Unreal Projects/TheLostPirate/Content/ParagonGideon/Characters/Heroes/Gideon/Textures/T_G.uasset" 1554
"C:/UE5/Unreal Projects/TheLostPirate/Content/ParagonGideon/Characters/Heroes/Gideon/Textures/T_G.uexp" 1555
"C:/UE5/Unreal Projects/TheLostPirate/Content/ParagonGideon/Characters/Heroes/Gideon/Textures/T_Gideon_Undertow_Head_Arm_Demo_D.ubulk" 1556
"C:/UE5/Unreal Projects/TheLostPirate/Content/ParagonGideon/Characters/Heroes/Gideon/Textures/T_Gideon_Undertow_Head_Arm_Demo_D.uasset" 1557
"C:/UE5/Unreal Projects/TheLostPirate/Content/ParagonGideon/Characters/Heroes/Gideon/Textures/T_Gideon_Undertow_Head_Arm_Demo_D.uexp" 1558
"C:/UE5/Unreal Projects/TheLostPirate/Content/ParagonGideon/Characters/Heroes/Gideon/Skins/Undertow/Materials/ML_Fabric_Wet_Op.uasset" 1559
"C:/UE5/Unreal Projects/TheLostPirate/Content/ParagonGideon/Characters/Heroes/Gideon/Skins/Undertow/Materials/ML_Fabric_Wet_Op.uexp" 1560
"C:/UE5/Unreal Projects/TheLostPirate/Content/ParagonGideon/Characters/Heroes/Gideon/Textures/T_metal.ubulk" 1561
"C:/UE5/Unreal Projects/TheLostPirate/Content/ParagonGideon/Characters/Heroes/Gideon/Textures/T_metal.uasset" 1562
"C:/UE5/Unreal Projects/TheLostPirate/Content/ParagonGideon/Characters/Heroes/Gideon/Textures/T_metal.uexp" 1563
"C:/UE5/Unreal Projects/TheLostPirate/Content/ParagonGideon/Characters/Heroes/Gideon/Skins/Undertow/Textures/T_Undertow_Legs_RGB.ubulk" 1564
"C:/UE5/Unreal Projects/TheLostPirate/Content/ParagonGideon/Characters/Heroes/Gideon/Skins/Undertow/Textures/T_Undertow_Legs_RGB.uasset" 1565
"C:/UE5/Unreal Projects/TheLostPirate/Content/ParagonGideon/Characters/Heroes/Gideon/Skins/Undertow/Textures/T_Undertow_Legs_RGB.uexp" 1566
"C:/UE5/Unreal Projects/TheLostPirate/Content/ParagonGideon/Characters/Heroes/Gideon/Skins/Undertow/Materials/Layers/MF_Undertow_Bone.uasset" 1567
"C:/UE5/Unreal Projects/TheLostPirate/Content/ParagonGideon/Characters/Heroes/Gideon/Skins/Undertow/Materials/Layers/MF_Undertow_Bone.uexp" 1568
"C:/UE5/Unreal Projects/TheLostPirate/Content/ParagonGideon/Characters/Heroes/Gideon/Skins/Undertow/Materials/M_Undertow_Legs_Demo.uasset" 1569
"C:/UE5/Unreal Projects/TheLostPirate/Content/ParagonGideon/Characters/Heroes/Gideon/Skins/Undertow/Materials/M_Undertow_Legs_Demo.uexp" 1570
"C:/UE5/Unreal Projects/TheLostPirate/Content/ParagonGideon/Characters/Heroes/Gideon/Skins/Undertow/Textures/T_Gideon_Barnacle_Tongue_Demo_D.ubulk" 1571
"C:/UE5/Unreal Projects/TheLostPirate/Content/ParagonGideon/Characters/Heroes/Gideon/Skins/Undertow/Textures/T_Gideon_Barnacle_Tongue_Demo_D.uasset" 1572
"C:/UE5/Unreal Projects/TheLostPirate/Content/ParagonGideon/Characters/Heroes/Gideon/Skins/Undertow/Textures/T_Gideon_Barnacle_Tongue_Demo_D.uexp" 1573
"../../../Engine/Content/Functions/Engine_MaterialFunctions02/Utility/DebugTimeSine.uasset" 1574
"../../../Engine/Content/Functions/Engine_MaterialFunctions02/Utility/DebugTimeSine.uexp" 1575
"C:/UE5/Unreal Projects/TheLostPirate/Content/ParagonGideon/Characters/Heroes/Gideon/Skins/Undertow/Textures/T_Gideon_Barnacle_Tongue_Demo_N.ubulk" 1576
"C:/UE5/Unreal Projects/TheLostPirate/Content/ParagonGideon/Characters/Heroes/Gideon/Skins/Undertow/Textures/T_Gideon_Barnacle_Tongue_Demo_N.uasset" 1577
"C:/UE5/Unreal Projects/TheLostPirate/Content/ParagonGideon/Characters/Heroes/Gideon/Skins/Undertow/Textures/T_Gideon_Barnacle_Tongue_Demo_N.uexp" 1578
"C:/UE5/Unreal Projects/TheLostPirate/Content/ParagonGideon/Characters/Heroes/Gideon/Textures/T_Grime_mask.ubulk" 1579
"C:/UE5/Unreal Projects/TheLostPirate/Content/ParagonGideon/Characters/Heroes/Gideon/Textures/T_Grime_mask.uasset" 1580
"C:/UE5/Unreal Projects/TheLostPirate/Content/ParagonGideon/Characters/Heroes/Gideon/Textures/T_Grime_mask.uexp" 1581
"C:/UE5/Unreal Projects/TheLostPirate/Content/ParagonGideon/Characters/Heroes/Gideon/Skins/Undertow/Textures/T_Gideon_Barnacle_Tongue_Demo_Opacity.ubulk" 1582
"C:/UE5/Unreal Projects/TheLostPirate/Content/ParagonGideon/Characters/Heroes/Gideon/Skins/Undertow/Textures/T_Gideon_Barnacle_Tongue_Demo_Opacity.uasset" 1583
"C:/UE5/Unreal Projects/TheLostPirate/Content/ParagonGideon/Characters/Heroes/Gideon/Skins/Undertow/Textures/T_Gideon_Barnacle_Tongue_Demo_Opacity.uexp" 1584
"C:/UE5/Unreal Projects/TheLostPirate/Content/ParagonGideon/Characters/Heroes/Gideon/Skins/Undertow/Materials/M_Undertow_Barnacle_Tongue_Dem.uasset" 1585
"C:/UE5/Unreal Projects/TheLostPirate/Content/ParagonGideon/Characters/Heroes/Gideon/Skins/Undertow/Materials/M_Undertow_Barnacle_Tongue_Dem.uexp" 1586
"C:/UE5/Unreal Projects/TheLostPirate/Content/ParagonGideon/Characters/Global/Feathers/T_Feather_Global_Masks.ubulk" 1587
"C:/UE5/Unreal Projects/TheLostPirate/Content/ParagonGideon/Characters/Global/Feathers/T_Feather_Global_Masks.uasset" 1588
"C:/UE5/Unreal Projects/TheLostPirate/Content/ParagonGideon/Characters/Global/Feathers/T_Feather_Global_Masks.uexp" 1589
"C:/UE5/Unreal Projects/TheLostPirate/Content/ParagonGideon/Characters/Global/Feathers/T_Hawk_Feathers_Color.ubulk" 1590
"C:/UE5/Unreal Projects/TheLostPirate/Content/ParagonGideon/Characters/Global/Feathers/T_Hawk_Feathers_Color.uasset" 1591
"C:/UE5/Unreal Projects/TheLostPirate/Content/ParagonGideon/Characters/Global/Feathers/T_Hawk_Feathers_Color.uexp" 1592
"C:/UE5/Unreal Projects/TheLostPirate/Content/ParagonGideon/Characters/Global/Feathers/T_Feather_Global_O.ubulk" 1593
"C:/UE5/Unreal Projects/TheLostPirate/Content/ParagonGideon/Characters/Global/Feathers/T_Feather_Global_O.uasset" 1594
"C:/UE5/Unreal Projects/TheLostPirate/Content/ParagonGideon/Characters/Global/Feathers/T_Feather_Global_O.uexp" 1595
"C:/UE5/Unreal Projects/TheLostPirate/Content/ParagonGideon/Characters/Global/Feathers/T_Feather_Global_N.ubulk" 1596
"C:/UE5/Unreal Projects/TheLostPirate/Content/ParagonGideon/Characters/Global/Feathers/T_Feather_Global_N.uasset" 1597
"C:/UE5/Unreal Projects/TheLostPirate/Content/ParagonGideon/Characters/Global/Feathers/T_Feather_Global_N.uexp" 1598
"C:/UE5/Unreal Projects/TheLostPirate/Content/ParagonGideon/Characters/Global/Feathers/T_Global_Feathers_Flow.ubulk" 1599
"C:/UE5/Unreal Projects/TheLostPirate/Content/ParagonGideon/Characters/Global/Feathers/T_Global_Feathers_Flow.uasset" 1600
"C:/UE5/Unreal Projects/TheLostPirate/Content/ParagonGideon/Characters/Global/Feathers/T_Global_Feathers_Flow.uexp" 1601
"C:/UE5/Unreal Projects/TheLostPirate/Content/ParagonGideon/Characters/Global/MaterialFunctions/T_ThinFilm_Spectrum_COLOR.ubulk" 1602
"C:/UE5/Unreal Projects/TheLostPirate/Content/ParagonGideon/Characters/Global/MaterialFunctions/T_ThinFilm_Spectrum_COLOR.uasset" 1603
"C:/UE5/Unreal Projects/TheLostPirate/Content/ParagonGideon/Characters/Global/MaterialFunctions/T_ThinFilm_Spectrum_COLOR.uexp" 1604
"C:/UE5/Unreal Projects/TheLostPirate/Content/ParagonGideon/Characters/Global/MaterialFunctions/MF_ThinFilm_Frensel.uasset" 1605
"C:/UE5/Unreal Projects/TheLostPirate/Content/ParagonGideon/Characters/Global/MaterialFunctions/MF_ThinFilm_Frensel.uexp" 1606
"C:/UE5/Unreal Projects/TheLostPirate/Content/ParagonGideon/Characters/Global/Feathers/M_Global_Feathers.uasset" 1607
"C:/UE5/Unreal Projects/TheLostPirate/Content/ParagonGideon/Characters/Global/Feathers/M_Global_Feathers.uexp" 1608
"C:/UE5/Unreal Projects/TheLostPirate/Content/ParagonGideon/Characters/Global/Feathers/MI_Global_Feathers_Hawk.uasset" 1609
"C:/UE5/Unreal Projects/TheLostPirate/Content/ParagonGideon/Characters/Global/Feathers/MI_Global_Feathers_Hawk.uexp" 1610
"C:/UE5/Unreal Projects/TheLostPirate/Content/ParagonGideon/Characters/Heroes/Gideon/Skins/Undertow/Textures/T_Gideon_Head_Arm_Demo_N.ubulk" 1611
"C:/UE5/Unreal Projects/TheLostPirate/Content/ParagonGideon/Characters/Heroes/Gideon/Skins/Undertow/Textures/T_Gideon_Head_Arm_Demo_N.uasset" 1612
"C:/UE5/Unreal Projects/TheLostPirate/Content/ParagonGideon/Characters/Heroes/Gideon/Skins/Undertow/Textures/T_Gideon_Head_Arm_Demo_N.uexp" 1613
"C:/UE5/Unreal Projects/TheLostPirate/Content/ParagonGideon/Characters/Heroes/Gideon/Skins/Undertow/Textures/T_Undertow_Head_Mask2.ubulk" 1614
"C:/UE5/Unreal Projects/TheLostPirate/Content/ParagonGideon/Characters/Heroes/Gideon/Skins/Undertow/Textures/T_Undertow_Head_Mask2.uasset" 1615
"C:/UE5/Unreal Projects/TheLostPirate/Content/ParagonGideon/Characters/Heroes/Gideon/Skins/Undertow/Textures/T_Undertow_Head_Mask2.uexp" 1616
"../../../Engine/Content/EngineMaterials/BlendFunc_DefBlend.uasset" 1617
"../../../Engine/Content/EngineMaterials/BlendFunc_DefBlend.uexp" 1618
"../../../Engine/Content/EngineMaterials/BlendFunc_DefBase.uasset" 1619
"../../../Engine/Content/EngineMaterials/BlendFunc_DefBase.uexp" 1620
"../../../Engine/Content/Functions/Engine_MaterialFunctions03/Blends/Blend_Overlay.uasset" 1621
"../../../Engine/Content/Functions/Engine_MaterialFunctions03/Blends/Blend_Overlay.uexp" 1622
"C:/UE5/Unreal Projects/TheLostPirate/Content/ParagonGideon/Characters/Heroes/Gideon/Skins/Undertow/Textures/T_Undertow_Head_RGB.ubulk" 1623
"C:/UE5/Unreal Projects/TheLostPirate/Content/ParagonGideon/Characters/Heroes/Gideon/Skins/Undertow/Textures/T_Undertow_Head_RGB.uasset" 1624
"C:/UE5/Unreal Projects/TheLostPirate/Content/ParagonGideon/Characters/Heroes/Gideon/Skins/Undertow/Textures/T_Undertow_Head_RGB.uexp" 1625
"C:/UE5/Unreal Projects/TheLostPirate/Content/ParagonGideon/Characters/Heroes/Gideon/Skins/Undertow/Materials/UndertowBone_OP.uasset" 1626
"C:/UE5/Unreal Projects/TheLostPirate/Content/ParagonGideon/Characters/Heroes/Gideon/Skins/Undertow/Materials/UndertowBone_OP.uexp" 1627
"C:/UE5/Unreal Projects/TheLostPirate/Content/ParagonGideon/Characters/Heroes/Gideon/Skins/Undertow/Textures/T_Undertow_Head_Mask1.ubulk" 1628
"C:/UE5/Unreal Projects/TheLostPirate/Content/ParagonGideon/Characters/Heroes/Gideon/Skins/Undertow/Textures/T_Undertow_Head_Mask1.uasset" 1629
"C:/UE5/Unreal Projects/TheLostPirate/Content/ParagonGideon/Characters/Heroes/Gideon/Skins/Undertow/Textures/T_Undertow_Head_Mask1.uexp" 1630
"C:/UE5/Unreal Projects/TheLostPirate/Content/ParagonGideon/Characters/Heroes/Gideon/Skins/Undertow/Materials/M_Undertow_Head_Arms_Demo.uasset" 1631
"C:/UE5/Unreal Projects/TheLostPirate/Content/ParagonGideon/Characters/Heroes/Gideon/Skins/Undertow/Materials/M_Undertow_Head_Arms_Demo.uexp" 1632
"C:/UE5/Unreal Projects/TheLostPirate/Content/ParagonGideon/Characters/Heroes/Gideon/Skins/Undertow/Textures/T_Gideon_Body_Demo_N.ubulk" 1633
"C:/UE5/Unreal Projects/TheLostPirate/Content/ParagonGideon/Characters/Heroes/Gideon/Skins/Undertow/Textures/T_Gideon_Body_Demo_N.uasset" 1634
"C:/UE5/Unreal Projects/TheLostPirate/Content/ParagonGideon/Characters/Heroes/Gideon/Skins/Undertow/Textures/T_Gideon_Body_Demo_N.uexp" 1635
"C:/UE5/Unreal Projects/TheLostPirate/Content/ParagonGideon/Characters/Heroes/Gideon/Skins/Undertow/Textures/T_Undertow_Body_Mask2.ubulk" 1636
"C:/UE5/Unreal Projects/TheLostPirate/Content/ParagonGideon/Characters/Heroes/Gideon/Skins/Undertow/Textures/T_Undertow_Body_Mask2.uasset" 1637
"C:/UE5/Unreal Projects/TheLostPirate/Content/ParagonGideon/Characters/Heroes/Gideon/Skins/Undertow/Textures/T_Undertow_Body_Mask2.uexp" 1638
"C:/UE5/Unreal Projects/TheLostPirate/Content/ParagonGideon/Characters/Heroes/Gideon/Skins/Undertow/Textures/T_Gideon_Body_Demo_Opacity.ubulk" 1639
"C:/UE5/Unreal Projects/TheLostPirate/Content/ParagonGideon/Characters/Heroes/Gideon/Skins/Undertow/Textures/T_Gideon_Body_Demo_Opacity.uasset" 1640
"C:/UE5/Unreal Projects/TheLostPirate/Content/ParagonGideon/Characters/Heroes/Gideon/Skins/Undertow/Textures/T_Gideon_Body_Demo_Opacity.uexp" 1641
"C:/UE5/Unreal Projects/TheLostPirate/Content/ParagonGideon/Characters/Heroes/Gideon/Skins/Undertow/Textures/T_Undertow_Body_Mask1.ubulk" 1642
"C:/UE5/Unreal Projects/TheLostPirate/Content/ParagonGideon/Characters/Heroes/Gideon/Skins/Undertow/Textures/T_Undertow_Body_Mask1.uasset" 1643
"C:/UE5/Unreal Projects/TheLostPirate/Content/ParagonGideon/Characters/Heroes/Gideon/Skins/Undertow/Textures/T_Undertow_Body_Mask1.uexp" 1644
"../../../Engine/Content/EngineMaterials/FlatNormal.uasset" 1645
"../../../Engine/Content/EngineMaterials/FlatNormal.uexp" 1646
"C:/UE5/Unreal Projects/TheLostPirate/Content/ParagonGideon/Characters/Global/MaterialLayers/Fabric/T_Whool01_N.ubulk" 1647
"C:/UE5/Unreal Projects/TheLostPirate/Content/ParagonGideon/Characters/Global/MaterialLayers/Fabric/T_Whool01_N.uasset" 1648
"C:/UE5/Unreal Projects/TheLostPirate/Content/ParagonGideon/Characters/Global/MaterialLayers/Fabric/T_Whool01_N.uexp" 1649
"C:/UE5/Unreal Projects/TheLostPirate/Content/ParagonGideon/Characters/Global/MaterialLayers/Fabric/T_Whool01_D.ubulk" 1650
"C:/UE5/Unreal Projects/TheLostPirate/Content/ParagonGideon/Characters/Global/MaterialLayers/Fabric/T_Whool01_D.uasset" 1651
"C:/UE5/Unreal Projects/TheLostPirate/Content/ParagonGideon/Characters/Global/MaterialLayers/Fabric/T_Whool01_D.uexp" 1652
"C:/UE5/Unreal Projects/TheLostPirate/Content/ParagonGideon/Characters/Global/MaterialFunctions/MF_ClothShading.uasset" 1653
"C:/UE5/Unreal Projects/TheLostPirate/Content/ParagonGideon/Characters/Global/MaterialFunctions/MF_ClothShading.uexp" 1654
"C:/UE5/Unreal Projects/TheLostPirate/Content/ParagonGideon/Characters/Global/MaterialLayers/Fabric/ML_Whool01.uasset" 1655
"C:/UE5/Unreal Projects/TheLostPirate/Content/ParagonGideon/Characters/Global/MaterialLayers/Fabric/ML_Whool01.uexp" 1656
"C:/UE5/Unreal Projects/TheLostPirate/Content/ParagonGideon/Characters/Heroes/Gideon/Skins/Undertow/Textures/T_Undertow_Body_RGB.ubulk" 1657
"C:/UE5/Unreal Projects/TheLostPirate/Content/ParagonGideon/Characters/Heroes/Gideon/Skins/Undertow/Textures/T_Undertow_Body_RGB.uasset" 1658
"C:/UE5/Unreal Projects/TheLostPirate/Content/ParagonGideon/Characters/Heroes/Gideon/Skins/Undertow/Textures/T_Undertow_Body_RGB.uexp" 1659
"C:/UE5/Unreal Projects/TheLostPirate/Content/ParagonGideon/Characters/Heroes/Gideon/Skins/Undertow/Materials/M_Undertow_Body_Demo.uasset" 1660
"C:/UE5/Unreal Projects/TheLostPirate/Content/ParagonGideon/Characters/Heroes/Gideon/Skins/Undertow/Materials/M_Undertow_Body_Demo.uexp" 1661
"C:/UE5/Unreal Projects/TheLostPirate/Content/ParagonGideon/Characters/Heroes/Gideon/Skins/Undertow/Meshes/Gideon_Undertow.uasset" 1662
"C:/UE5/Unreal Projects/TheLostPirate/Content/ParagonGideon/Characters/Heroes/Gideon/Skins/Undertow/Meshes/Gideon_Undertow.uexp" 1663
"C:/UE5/Unreal Projects/TheLostPirate/Content/AdvancedLocomotionV4/CharacterAssets/MannequinSkeleton/AnimationExamples/Actions/ALS_CLF_GetUp_Back_Montage_RH.uasset" 1664
"C:/UE5/Unreal Projects/TheLostPirate/Content/AdvancedLocomotionV4/CharacterAssets/MannequinSkeleton/AnimationExamples/Actions/ALS_CLF_GetUp_Back_Montage_RH.uexp" 1665
"C:/UE5/Unreal Projects/TheLostPirate/Content/Pirate/Mesh_UE4/Weapon/SM_Pirate_Pistol.ubulk" 1666
"C:/UE5/Unreal Projects/TheLostPirate/Content/Pirate/Mesh_UE4/Weapon/SM_Pirate_Pistol.uasset" 1667
"C:/UE5/Unreal Projects/TheLostPirate/Content/Pirate/Mesh_UE4/Weapon/SM_Pirate_Pistol.uexp" 1668
"C:/UE5/Unreal Projects/TheLostPirate/Content/AdvancedLocomotionV4/CharacterAssets/MannequinSkeleton/AnimationExamples/Actions/ALS_N_Mantle_1m_Montage_RH.uasset" 1669
"C:/UE5/Unreal Projects/TheLostPirate/Content/AdvancedLocomotionV4/CharacterAssets/MannequinSkeleton/AnimationExamples/Actions/ALS_N_Mantle_1m_Montage_RH.uexp" 1670
"C:/UE5/Unreal Projects/TheLostPirate/Content/AdvancedLocomotionV4/CharacterAssets/MannequinSkeleton/AnimationExamples/Actions/ALS_CLF_GetUp_Back_Montage_LH.uasset" 1671
"C:/UE5/Unreal Projects/TheLostPirate/Content/AdvancedLocomotionV4/CharacterAssets/MannequinSkeleton/AnimationExamples/Actions/ALS_CLF_GetUp_Back_Montage_LH.uexp" 1672
"C:/UE5/Unreal Projects/TheLostPirate/Content/SoundFX/DamegeVoice/voice_male_c_hurt_pain_05.ubulk" 1673
"C:/UE5/Unreal Projects/TheLostPirate/Content/SoundFX/DamegeVoice/voice_male_c_hurt_pain_05.uasset" 1674
"C:/UE5/Unreal Projects/TheLostPirate/Content/SoundFX/DamegeVoice/voice_male_c_hurt_pain_05.uexp" 1675
"C:/UE5/Unreal Projects/TheLostPirate/Content/SoundFX/DamegeVoice/voice_male_c_hurt_pain_04.ubulk" 1676
"C:/UE5/Unreal Projects/TheLostPirate/Content/SoundFX/DamegeVoice/voice_male_c_hurt_pain_04.uasset" 1677
"C:/UE5/Unreal Projects/TheLostPirate/Content/SoundFX/DamegeVoice/voice_male_c_hurt_pain_04.uexp" 1678
"C:/UE5/Unreal Projects/TheLostPirate/Content/SoundFX/DamegeVoice/voice_male_c_hurt_pain_09.ubulk" 1679
"C:/UE5/Unreal Projects/TheLostPirate/Content/SoundFX/DamegeVoice/voice_male_c_hurt_pain_09.uasset" 1680
"C:/UE5/Unreal Projects/TheLostPirate/Content/SoundFX/DamegeVoice/voice_male_c_hurt_pain_09.uexp" 1681
"C:/UE5/Unreal Projects/TheLostPirate/Content/SoundFX/DamegeVoice/voice_male_c_hurt_pain_06.ubulk" 1682
"C:/UE5/Unreal Projects/TheLostPirate/Content/SoundFX/DamegeVoice/voice_male_c_hurt_pain_06.uasset" 1683
"C:/UE5/Unreal Projects/TheLostPirate/Content/SoundFX/DamegeVoice/voice_male_c_hurt_pain_06.uexp" 1684
"C:/UE5/Unreal Projects/TheLostPirate/Content/SoundFX/DamegeVoice/voice_male_c_hurt_pain_03.ubulk" 1685
"C:/UE5/Unreal Projects/TheLostPirate/Content/SoundFX/DamegeVoice/voice_male_c_hurt_pain_03.uasset" 1686
"C:/UE5/Unreal Projects/TheLostPirate/Content/SoundFX/DamegeVoice/voice_male_c_hurt_pain_03.uexp" 1687
"C:/UE5/Unreal Projects/TheLostPirate/Content/SoundFX/DamegeVoice/voice_male_c_hurt_pain_07.ubulk" 1688
"C:/UE5/Unreal Projects/TheLostPirate/Content/SoundFX/DamegeVoice/voice_male_c_hurt_pain_07.uasset" 1689
"C:/UE5/Unreal Projects/TheLostPirate/Content/SoundFX/DamegeVoice/voice_male_c_hurt_pain_07.uexp" 1690
"C:/UE5/Unreal Projects/TheLostPirate/Content/SoundFX/DamegeVoice/voice_male_c_hurt_pain_08.ubulk" 1691
"C:/UE5/Unreal Projects/TheLostPirate/Content/SoundFX/DamegeVoice/voice_male_c_hurt_pain_08.uasset" 1692
"C:/UE5/Unreal Projects/TheLostPirate/Content/SoundFX/DamegeVoice/voice_male_c_hurt_pain_08.uexp" 1693
"C:/UE5/Unreal Projects/TheLostPirate/Content/SoundFX/DamegeVoice/voice_male_c_hurt_pain_02.ubulk" 1694
"C:/UE5/Unreal Projects/TheLostPirate/Content/SoundFX/DamegeVoice/voice_male_c_hurt_pain_02.uasset" 1695
"C:/UE5/Unreal Projects/TheLostPirate/Content/SoundFX/DamegeVoice/voice_male_c_hurt_pain_02.uexp" 1696
"C:/UE5/Unreal Projects/TheLostPirate/Content/SoundFX/DamegeVoice/Damege_Cue.uasset" 1697
"C:/UE5/Unreal Projects/TheLostPirate/Content/SoundFX/DamegeVoice/Damege_Cue.uexp" 1698
"C:/UE5/Unreal Projects/TheLostPirate/Content/AdvancedLocomotionV4/CharacterAssets/MannequinSkeleton/AnimationExamples/Actions/ALS_CLF_GetUp_Back_Montage_2H.uasset" 1699
"C:/UE5/Unreal Projects/TheLostPirate/Content/AdvancedLocomotionV4/CharacterAssets/MannequinSkeleton/AnimationExamples/Actions/ALS_CLF_GetUp_Back_Montage_2H.uexp" 1700
"C:/UE5/Unreal Projects/TheLostPirate/Content/AdvancedLocomotionV4/CharacterAssets/MannequinSkeleton/AnimationExamples/Base/Locomotion/ALS_N_Sprint_F.uasset" 1701
"C:/UE5/Unreal Projects/TheLostPirate/Content/AdvancedLocomotionV4/CharacterAssets/MannequinSkeleton/AnimationExamples/Base/Locomotion/ALS_N_Sprint_F.uexp" 1702
"C:/UE5/Unreal Projects/TheLostPirate/Content/AdvancedLocomotionV4/CharacterAssets/MannequinSkeleton/AnimationExamples/Base/InAir/ALS_N_JumpWalk_LF.uasset" 1703
"C:/UE5/Unreal Projects/TheLostPirate/Content/AdvancedLocomotionV4/CharacterAssets/MannequinSkeleton/AnimationExamples/Base/InAir/ALS_N_JumpWalk_LF.uexp" 1704
"C:/UE5/Unreal Projects/TheLostPirate/Content/AdvancedLocomotionV4/Data/Enums/HipsDirection.uasset" 1705
"C:/UE5/Unreal Projects/TheLostPirate/Content/AdvancedLocomotionV4/Data/Enums/HipsDirection.uexp" 1706
"C:/UE5/Unreal Projects/TheLostPirate/Content/AdvancedLocomotionV4/CharacterAssets/MannequinSkeleton/AnimationExamples/Overlay/M4A1/ALS_Props_M4A1_Run_F_Arms.uasset" 1707
"C:/UE5/Unreal Projects/TheLostPirate/Content/AdvancedLocomotionV4/CharacterAssets/MannequinSkeleton/AnimationExamples/Overlay/M4A1/ALS_Props_M4A1_Run_F_Arms.uexp" 1708
"C:/UE5/Unreal Projects/TheLostPirate/Content/AdvancedLocomotionV4/CharacterAssets/MannequinSkeleton/AnimationExamples/Overlay/M4A1/ALS_Props_M4A1_Sprint_F_Impulse_Arms.uasset" 1709
"C:/UE5/Unreal Projects/TheLostPirate/Content/AdvancedLocomotionV4/CharacterAssets/MannequinSkeleton/AnimationExamples/Overlay/M4A1/ALS_Props_M4A1_Sprint_F_Impulse_Arms.uexp" 1710
"C:/UE5/Unreal Projects/TheLostPirate/Content/AdvancedLocomotionV4/CharacterAssets/MannequinSkeleton/AnimationExamples/Overlay/Bow/ALS_Props_Bow_Poses.uasset" 1711
"C:/UE5/Unreal Projects/TheLostPirate/Content/AdvancedLocomotionV4/CharacterAssets/MannequinSkeleton/AnimationExamples/Overlay/Bow/ALS_Props_Bow_Poses.uexp" 1712
"C:/UE5/Unreal Projects/TheLostPirate/Content/AdvancedLocomotionV4/Data/Curves/AnimationBlendCurves/LookOut.uasset" 1713
"C:/UE5/Unreal Projects/TheLostPirate/Content/AdvancedLocomotionV4/Data/Curves/AnimationBlendCurves/LookOut.uexp" 1714
"C:/UE5/Unreal Projects/TheLostPirate/Content/AdvancedLocomotionV4/CharacterAssets/MannequinSkeleton/AnimationExamples/Base/BasePoses/ALS_N_Pose.uasset" 1715
"C:/UE5/Unreal Projects/TheLostPirate/Content/AdvancedLocomotionV4/CharacterAssets/MannequinSkeleton/AnimationExamples/Base/BasePoses/ALS_N_Pose.uexp" 1716
"C:/UE5/Unreal Projects/TheLostPirate/Content/AdvancedLocomotionV4/CharacterAssets/MannequinSkeleton/AnimationExamples/Base/TurnInPlace/ALS_N_TurnIP_L180.uasset" 1717
"C:/UE5/Unreal Projects/TheLostPirate/Content/AdvancedLocomotionV4/CharacterAssets/MannequinSkeleton/AnimationExamples/Base/TurnInPlace/ALS_N_TurnIP_L180.uexp" 1718
"C:/UE5/Unreal Projects/TheLostPirate/Content/AdvancedLocomotionV4/CharacterAssets/MannequinSkeleton/AnimationExamples/Overlay/M4A1/ALS_Props_M4A1_Poses_NoCurves.uasset" 1719
"C:/UE5/Unreal Projects/TheLostPirate/Content/AdvancedLocomotionV4/CharacterAssets/MannequinSkeleton/AnimationExamples/Overlay/M4A1/ALS_Props_M4A1_Poses_NoCurves.uexp" 1720
"C:/UE5/Unreal Projects/TheLostPirate/Content/AdvancedLocomotionV4/CharacterAssets/MannequinSkeleton/AnimationExamples/Overlay/M4A1/ALS_Props_M4A1_Aim_Sweep_Crouched.uasset" 1721
"C:/UE5/Unreal Projects/TheLostPirate/Content/AdvancedLocomotionV4/CharacterAssets/MannequinSkeleton/AnimationExamples/Overlay/M4A1/ALS_Props_M4A1_Aim_Sweep_Crouched.uexp" 1722
"C:/UE5/Unreal Projects/TheLostPirate/Content/AdvancedLocomotionV4/CharacterAssets/MannequinSkeleton/AnimationExamples/Overlay/StanceVariations/ALS_StanceVariation_Masculine.uasset" 1723
"C:/UE5/Unreal Projects/TheLostPirate/Content/AdvancedLocomotionV4/CharacterAssets/MannequinSkeleton/AnimationExamples/Overlay/StanceVariations/ALS_StanceVariation_Masculine.uexp" 1724
"C:/UE5/Unreal Projects/TheLostPirate/Content/AdvancedLocomotionV4/CharacterAssets/MannequinSkeleton/AnimationExamples/Base/Locomotion/Detail/ALS_N_Run_BasePose.uasset" 1725
"C:/UE5/Unreal Projects/TheLostPirate/Content/AdvancedLocomotionV4/CharacterAssets/MannequinSkeleton/AnimationExamples/Base/Locomotion/Detail/ALS_N_Run_BasePose.uexp" 1726
"C:/UE5/Unreal Projects/TheLostPirate/Content/AdvancedLocomotionV4/CharacterAssets/MannequinSkeleton/AnimationExamples/Base/Locomotion/Detail/ALS_N_LocoDetail_Accel_L.uasset" 1727
"C:/UE5/Unreal Projects/TheLostPirate/Content/AdvancedLocomotionV4/CharacterAssets/MannequinSkeleton/AnimationExamples/Base/Locomotion/Detail/ALS_N_LocoDetail_Accel_L.uexp" 1728
"C:/UE5/Unreal Projects/TheLostPirate/Content/AdvancedLocomotionV4/CharacterAssets/MannequinSkeleton/AnimationExamples/Base/Locomotion/ALS_N_Sprint_F_Impulse.uasset" 1729
"C:/UE5/Unreal Projects/TheLostPirate/Content/AdvancedLocomotionV4/CharacterAssets/MannequinSkeleton/AnimationExamples/Base/Locomotion/ALS_N_Sprint_F_Impulse.uexp" 1730
"C:/UE5/Unreal Projects/TheLostPirate/Content/AdvancedLocomotionV4/CharacterAssets/MannequinSkeleton/AnimationExamples/Overlay/Binoculars/ALS_Props_Binoculars_Poses.uasset" 1731
"C:/UE5/Unreal Projects/TheLostPirate/Content/AdvancedLocomotionV4/CharacterAssets/MannequinSkeleton/AnimationExamples/Overlay/Binoculars/ALS_Props_Binoculars_Poses.uexp" 1732
"C:/UE5/Unreal Projects/TheLostPirate/Content/AdvancedLocomotionV4/Data/Curves/AnimationBlendCurves/ChangeStance.uasset" 1733
"C:/UE5/Unreal Projects/TheLostPirate/Content/AdvancedLocomotionV4/Data/Curves/AnimationBlendCurves/ChangeStance.uexp" 1734
"C:/UE5/Unreal Projects/TheLostPirate/Content/AdvancedLocomotionV4/CharacterAssets/MannequinSkeleton/AnimationExamples/Base/InAir/ALS_N_JumpRun_LF.uasset" 1735
"C:/UE5/Unreal Projects/TheLostPirate/Content/AdvancedLocomotionV4/CharacterAssets/MannequinSkeleton/AnimationExamples/Base/InAir/ALS_N_JumpRun_LF.uexp" 1736
"C:/UE5/Unreal Projects/TheLostPirate/Content/AdvancedLocomotionV4/Blueprints/Libraries/ALS_MacroLibrary.uasset" 1737
"C:/UE5/Unreal Projects/TheLostPirate/Content/AdvancedLocomotionV4/Blueprints/Libraries/ALS_MacroLibrary.uexp" 1738
"C:/UE5/Unreal Projects/TheLostPirate/Content/AdvancedLocomotionV4/CharacterAssets/MannequinSkeleton/AnimationExamples/Overlay/Pistol/ALS_Props_Pistol_1H_Poses_NoCurves.uasset" 1739
"C:/UE5/Unreal Projects/TheLostPirate/Content/AdvancedLocomotionV4/CharacterAssets/MannequinSkeleton/AnimationExamples/Overlay/Pistol/ALS_Props_Pistol_1H_Poses_NoCurves.uexp" 1740
"C:/UE5/Unreal Projects/TheLostPirate/Content/AdvancedLocomotionV4/CharacterAssets/MannequinSkeleton/AnimationExamples/Overlay/Pistol/ALS_Props_Pistol_1H_Aim_Sweep.uasset" 1741
"C:/UE5/Unreal Projects/TheLostPirate/Content/AdvancedLocomotionV4/CharacterAssets/MannequinSkeleton/AnimationExamples/Overlay/Pistol/ALS_Props_Pistol_1H_Aim_Sweep.uexp" 1742
"C:/UE5/Unreal Projects/TheLostPirate/Content/AdvancedLocomotionV4/Blueprints/AnimModifiers/AnimCurveCreationData.uasset" 1743
"C:/UE5/Unreal Projects/TheLostPirate/Content/AdvancedLocomotionV4/Blueprints/AnimModifiers/AnimCurveCreationData.uexp" 1744
"C:/UE5/Unreal Projects/TheLostPirate/Content/AdvancedLocomotionV4/Blueprints/AnimModifiers/AnimCurveCreationParams.uasset" 1745
"C:/UE5/Unreal Projects/TheLostPirate/Content/AdvancedLocomotionV4/Blueprints/AnimModifiers/AnimCurveCreationParams.uexp" 1746
"C:/UE5/Unreal Projects/TheLostPirate/Content/AdvancedLocomotionV4/CharacterAssets/MannequinSkeleton/AnimationExamples/Base/Locomotion/ALS_N_RunPose_F.uasset" 1747
"C:/UE5/Unreal Projects/TheLostPirate/Content/AdvancedLocomotionV4/CharacterAssets/MannequinSkeleton/AnimationExamples/Base/Locomotion/ALS_N_RunPose_F.uexp" 1748
"C:/UE5/Unreal Projects/TheLostPirate/Content/AdvancedLocomotionV4/CharacterAssets/MannequinSkeleton/AnimationExamples/Base/Locomotion/ALS_N_WalkPose_F.uasset" 1749
"C:/UE5/Unreal Projects/TheLostPirate/Content/AdvancedLocomotionV4/CharacterAssets/MannequinSkeleton/AnimationExamples/Base/Locomotion/ALS_N_WalkPose_F.uexp" 1750
"C:/UE5/Unreal Projects/TheLostPirate/Content/AdvancedLocomotionV4/CharacterAssets/MannequinSkeleton/AnimationExamples/Base/Locomotion/ALS_N_Run_B.uasset" 1751
"C:/UE5/Unreal Projects/TheLostPirate/Content/AdvancedLocomotionV4/CharacterAssets/MannequinSkeleton/AnimationExamples/Base/Locomotion/ALS_N_Run_B.uexp" 1752
"C:/UE5/Unreal Projects/TheLostPirate/Content/AdvancedLocomotionV4/CharacterAssets/MannequinSkeleton/AnimationExamples/Base/Locomotion/ALS_N_Walk_B.uasset" 1753
"C:/UE5/Unreal Projects/TheLostPirate/Content/AdvancedLocomotionV4/CharacterAssets/MannequinSkeleton/AnimationExamples/Base/Locomotion/ALS_N_Walk_B.uexp" 1754
"C:/UE5/Unreal Projects/TheLostPirate/Content/AdvancedLocomotionV4/CharacterAssets/MannequinSkeleton/AnimationExamples/Base/Locomotion/ALS_N_WalkRun_B.uasset" 1755
"C:/UE5/Unreal Projects/TheLostPirate/Content/AdvancedLocomotionV4/CharacterAssets/MannequinSkeleton/AnimationExamples/Base/Locomotion/ALS_N_WalkRun_B.uexp" 1756
"C:/UE5/Unreal Projects/TheLostPirate/Content/AdvancedLocomotionV4/CharacterAssets/MannequinSkeleton/AnimationExamples/Base/InAir/ALS_N_Land_Light_Additive.uasset" 1757
"C:/UE5/Unreal Projects/TheLostPirate/Content/AdvancedLocomotionV4/CharacterAssets/MannequinSkeleton/AnimationExamples/Base/InAir/ALS_N_Land_Light_Additive.uexp" 1758
"C:/UE5/Unreal Projects/TheLostPirate/Content/AdvancedLocomotionV4/CharacterAssets/MannequinSkeleton/AnimationExamples/Base/Transitions/ALS_N_Stop_L_Down.uasset" 1759
"C:/UE5/Unreal Projects/TheLostPirate/Content/AdvancedLocomotionV4/CharacterAssets/MannequinSkeleton/AnimationExamples/Base/Transitions/ALS_N_Stop_L_Down.uexp" 1760
"C:/UE5/Unreal Projects/TheLostPirate/Content/AdvancedLocomotionV4/CharacterAssets/MannequinSkeleton/AnimationExamples/Base/Locomotion/ALS_N_Walk_LB.uasset" 1761
"C:/UE5/Unreal Projects/TheLostPirate/Content/AdvancedLocomotionV4/CharacterAssets/MannequinSkeleton/AnimationExamples/Base/Locomotion/ALS_N_Walk_LB.uexp" 1762
"C:/UE5/Unreal Projects/TheLostPirate/Content/AdvancedLocomotionV4/CharacterAssets/MannequinSkeleton/AnimationExamples/Base/Locomotion/ALS_N_Run_LB.uasset" 1763
"C:/UE5/Unreal Projects/TheLostPirate/Content/AdvancedLocomotionV4/CharacterAssets/MannequinSkeleton/AnimationExamples/Base/Locomotion/ALS_N_Run_LB.uexp" 1764
"C:/UE5/Unreal Projects/TheLostPirate/Content/AdvancedLocomotionV4/CharacterAssets/MannequinSkeleton/AnimationExamples/Base/Locomotion/ALS_N_RunPose_R.uasset" 1765
"C:/UE5/Unreal Projects/TheLostPirate/Content/AdvancedLocomotionV4/CharacterAssets/MannequinSkeleton/AnimationExamples/Base/Locomotion/ALS_N_RunPose_R.uexp" 1766
"C:/UE5/Unreal Projects/TheLostPirate/Content/AdvancedLocomotionV4/CharacterAssets/MannequinSkeleton/AnimationExamples/Base/Locomotion/ALS_N_WalkPose_R.uasset" 1767
"C:/UE5/Unreal Projects/TheLostPirate/Content/AdvancedLocomotionV4/CharacterAssets/MannequinSkeleton/AnimationExamples/Base/Locomotion/ALS_N_WalkPose_R.uexp" 1768
"C:/UE5/Unreal Projects/TheLostPirate/Content/AdvancedLocomotionV4/CharacterAssets/MannequinSkeleton/AnimationExamples/Base/Locomotion/ALS_N_WalkRun_BL.uasset" 1769
"C:/UE5/Unreal Projects/TheLostPirate/Content/AdvancedLocomotionV4/CharacterAssets/MannequinSkeleton/AnimationExamples/Base/Locomotion/ALS_N_WalkRun_BL.uexp" 1770
"C:/UE5/Unreal Projects/TheLostPirate/Content/AdvancedLocomotionV4/CharacterAssets/MannequinSkeleton/AnimationExamples/Base/Locomotion/Detail/ALS_N_LocoDetail_Accel_B.uasset" 1771
"C:/UE5/Unreal Projects/TheLostPirate/Content/AdvancedLocomotionV4/CharacterAssets/MannequinSkeleton/AnimationExamples/Base/Locomotion/Detail/ALS_N_LocoDetail_Accel_B.uexp" 1772
"C:/UE5/Unreal Projects/TheLostPirate/Content/AdvancedLocomotionV4/CharacterAssets/MannequinSkeleton/AnimationExamples/Overlay/Shared/ALS_N_SecondaryMotion.uasset" 1773
"C:/UE5/Unreal Projects/TheLostPirate/Content/AdvancedLocomotionV4/CharacterAssets/MannequinSkeleton/AnimationExamples/Overlay/Shared/ALS_N_SecondaryMotion.uexp" 1774
"C:/UE5/Unreal Projects/TheLostPirate/Content/AdvancedLocomotionV4/CharacterAssets/MannequinSkeleton/AnimationExamples/Overlay/StanceVariations/ALS_StanceVariation_HandsTied.uasset" 1775
"C:/UE5/Unreal Projects/TheLostPirate/Content/AdvancedLocomotionV4/CharacterAssets/MannequinSkeleton/AnimationExamples/Overlay/StanceVariations/ALS_StanceVariation_HandsTied.uexp" 1776
"C:/UE5/Unreal Projects/TheLostPirate/Content/AdvancedLocomotionV4/CharacterAssets/MannequinSkeleton/AnimationExamples/Overlay/StanceVariations/ALS_StanceVariation_Feminine.uasset" 1777
"C:/UE5/Unreal Projects/TheLostPirate/Content/AdvancedLocomotionV4/CharacterAssets/MannequinSkeleton/AnimationExamples/Overlay/StanceVariations/ALS_StanceVariation_Feminine.uexp" 1778
"C:/UE5/Unreal Projects/TheLostPirate/Content/AdvancedLocomotionV4/CharacterAssets/MannequinSkeleton/AnimationExamples/Base/TurnInPlace/ALS_CLF_TurnIP_R180.uasset" 1779
"C:/UE5/Unreal Projects/TheLostPirate/Content/AdvancedLocomotionV4/CharacterAssets/MannequinSkeleton/AnimationExamples/Base/TurnInPlace/ALS_CLF_TurnIP_R180.uexp" 1780
"C:/UE5/Unreal Projects/TheLostPirate/Content/AdvancedLocomotionV4/CharacterAssets/MannequinSkeleton/AnimationExamples/Base/Locomotion/ALS_N_Walk_RB.uasset" 1781
"C:/UE5/Unreal Projects/TheLostPirate/Content/AdvancedLocomotionV4/CharacterAssets/MannequinSkeleton/AnimationExamples/Base/Locomotion/ALS_N_Walk_RB.uexp" 1782
"C:/UE5/Unreal Projects/TheLostPirate/Content/AdvancedLocomotionV4/CharacterAssets/MannequinSkeleton/AnimationExamples/Overlay/Box/ALS_Props_Box_Poses.uasset" 1783
"C:/UE5/Unreal Projects/TheLostPirate/Content/AdvancedLocomotionV4/CharacterAssets/MannequinSkeleton/AnimationExamples/Overlay/Box/ALS_Props_Box_Poses.uexp" 1784
"C:/UE5/Unreal Projects/TheLostPirate/Content/AdvancedLocomotionV4/CharacterAssets/MannequinSkeleton/AnimationExamples/Overlay/Torch/ALS_Props_Torch_Poses_NoCurves.uasset" 1785
"C:/UE5/Unreal Projects/TheLostPirate/Content/AdvancedLocomotionV4/CharacterAssets/MannequinSkeleton/AnimationExamples/Overlay/Torch/ALS_Props_Torch_Poses_NoCurves.uexp" 1786
"C:/UE5/Unreal Projects/TheLostPirate/Content/AdvancedLocomotionV4/CharacterAssets/MannequinSkeleton/AnimationExamples/Overlay/Torch/ALS_Props_Torch_Aim_Sweep.uasset" 1787
"C:/UE5/Unreal Projects/TheLostPirate/Content/AdvancedLocomotionV4/CharacterAssets/MannequinSkeleton/AnimationExamples/Overlay/Torch/ALS_Props_Torch_Aim_Sweep.uexp" 1788
"C:/UE5/Unreal Projects/TheLostPirate/Content/AdvancedLocomotionV4/CharacterAssets/MannequinSkeleton/AnimationExamples/Base/Locomotion/ALS_N_Run_F.uasset" 1789
"C:/UE5/Unreal Projects/TheLostPirate/Content/AdvancedLocomotionV4/CharacterAssets/MannequinSkeleton/AnimationExamples/Base/Locomotion/ALS_N_Run_F.uexp" 1790
"C:/UE5/Unreal Projects/TheLostPirate/Content/AdvancedLocomotionV4/CharacterAssets/MannequinSkeleton/AnimationExamples/Base/Locomotion/ALS_N_Walk_F.uasset" 1791
"C:/UE5/Unreal Projects/TheLostPirate/Content/AdvancedLocomotionV4/CharacterAssets/MannequinSkeleton/AnimationExamples/Base/Locomotion/ALS_N_Walk_F.uexp" 1792
"C:/UE5/Unreal Projects/TheLostPirate/Content/AdvancedLocomotionV4/CharacterAssets/MannequinSkeleton/AnimationExamples/Base/Locomotion/ALS_N_WalkRun_F.uasset" 1793
"C:/UE5/Unreal Projects/TheLostPirate/Content/AdvancedLocomotionV4/CharacterAssets/MannequinSkeleton/AnimationExamples/Base/Locomotion/ALS_N_WalkRun_F.uexp" 1794
"C:/UE5/Unreal Projects/TheLostPirate/Content/AdvancedLocomotionV4/Data/Curves/AnimationBlendCurves/DiagonalScaleAmount.uasset" 1795
"C:/UE5/Unreal Projects/TheLostPirate/Content/AdvancedLocomotionV4/Data/Curves/AnimationBlendCurves/DiagonalScaleAmount.uexp" 1796
"C:/UE5/Unreal Projects/TheLostPirate/Content/AdvancedLocomotionV4/CharacterAssets/MannequinSkeleton/AnimationExamples/Base/InAir/ALS_N_JumpWalk_RF.uasset" 1797
"C:/UE5/Unreal Projects/TheLostPirate/Content/AdvancedLocomotionV4/CharacterAssets/MannequinSkeleton/AnimationExamples/Base/InAir/ALS_N_JumpWalk_RF.uexp" 1798
"C:/UE5/Unreal Projects/TheLostPirate/Content/AdvancedLocomotionV4/CharacterAssets/MannequinSkeleton/AnimationExamples/Overlay/Barrel/ALS_Props_Barrel_Poses.uasset" 1799
"C:/UE5/Unreal Projects/TheLostPirate/Content/AdvancedLocomotionV4/CharacterAssets/MannequinSkeleton/AnimationExamples/Overlay/Barrel/ALS_Props_Barrel_Poses.uexp" 1800
"C:/UE5/Unreal Projects/TheLostPirate/Content/AdvancedLocomotionV4/CharacterAssets/MannequinSkeleton/AnimationExamples/Base/TurnInPlace/ALS_N_TurnIP_R90.uasset" 1801
"C:/UE5/Unreal Projects/TheLostPirate/Content/AdvancedLocomotionV4/CharacterAssets/MannequinSkeleton/AnimationExamples/Base/TurnInPlace/ALS_N_TurnIP_R90.uexp" 1802
"C:/UE5/Unreal Projects/TheLostPirate/Content/AdvancedLocomotionV4/CharacterAssets/MannequinSkeleton/AnimationExamples/Overlay/Torch/ALS_Props_Torch_Aim_Sweep_Crouched.uasset" 1803
"C:/UE5/Unreal Projects/TheLostPirate/Content/AdvancedLocomotionV4/CharacterAssets/MannequinSkeleton/AnimationExamples/Overlay/Torch/ALS_Props_Torch_Aim_Sweep_Crouched.uexp" 1804
"C:/UE5/Unreal Projects/TheLostPirate/Content/AdvancedLocomotionV4/CharacterAssets/MannequinSkeleton/AnimationExamples/Overlay/Torch/ALS_Props_Torch_Poses.uasset" 1805
"C:/UE5/Unreal Projects/TheLostPirate/Content/AdvancedLocomotionV4/CharacterAssets/MannequinSkeleton/AnimationExamples/Overlay/Torch/ALS_Props_Torch_Poses.uexp" 1806
"C:/UE5/Unreal Projects/TheLostPirate/Content/AdvancedLocomotionV4/Data/Curves/AnimationBlendCurves/YawOffset_LR.uasset" 1807
"C:/UE5/Unreal Projects/TheLostPirate/Content/AdvancedLocomotionV4/Data/Curves/AnimationBlendCurves/YawOffset_LR.uexp" 1808
"C:/UE5/Unreal Projects/TheLostPirate/Content/AdvancedLocomotionV4/CharacterAssets/MannequinSkeleton/AnimationExamples/Base/InAir/ALS_N_FallLoop_Fast.uasset" 1809
"C:/UE5/Unreal Projects/TheLostPirate/Content/AdvancedLocomotionV4/CharacterAssets/MannequinSkeleton/AnimationExamples/Base/InAir/ALS_N_FallLoop_Fast.uexp" 1810
"C:/UE5/Unreal Projects/TheLostPirate/Content/AdvancedLocomotionV4/CharacterAssets/MannequinSkeleton/AnimationExamples/Base/Locomotion/ALS_CLF_Walk_B.uasset" 1811
"C:/UE5/Unreal Projects/TheLostPirate/Content/AdvancedLocomotionV4/CharacterAssets/MannequinSkeleton/AnimationExamples/Base/Locomotion/ALS_CLF_Walk_B.uexp" 1812
"C:/UE5/Unreal Projects/TheLostPirate/Content/AdvancedLocomotionV4/CharacterAssets/MannequinSkeleton/AnimationExamples/Base/InAir/ALS_N_JumpRun_RF.uasset" 1813
"C:/UE5/Unreal Projects/TheLostPirate/Content/AdvancedLocomotionV4/CharacterAssets/MannequinSkeleton/AnimationExamples/Base/InAir/ALS_N_JumpRun_RF.uexp" 1814
"C:/UE5/Unreal Projects/TheLostPirate/Content/AdvancedLocomotionV4/Data/Structs/DynamicMontageParams.uasset" 1815
"C:/UE5/Unreal Projects/TheLostPirate/Content/AdvancedLocomotionV4/Data/Structs/DynamicMontageParams.uexp" 1816
"C:/UE5/Unreal Projects/TheLostPirate/Content/AdvancedLocomotionV4/CharacterAssets/MannequinSkeleton/AnimationExamples/Base/TurnInPlace/ALS_N_Rotate_L90.uasset" 1817
"C:/UE5/Unreal Projects/TheLostPirate/Content/AdvancedLocomotionV4/CharacterAssets/MannequinSkeleton/AnimationExamples/Base/TurnInPlace/ALS_N_Rotate_L90.uexp" 1818
"C:/UE5/Unreal Projects/TheLostPirate/Content/AdvancedLocomotionV4/CharacterAssets/MannequinSkeleton/AnimationExamples/Base/TurnInPlace/ALS_CLF_Rotate_L90.uasset" 1819
"C:/UE5/Unreal Projects/TheLostPirate/Content/AdvancedLocomotionV4/CharacterAssets/MannequinSkeleton/AnimationExamples/Base/TurnInPlace/ALS_CLF_Rotate_L90.uexp" 1820
"C:/UE5/Unreal Projects/TheLostPirate/Content/AdvancedLocomotionV4/CharacterAssets/MannequinSkeleton/AnimationExamples/Base/Transitions/ALS_CLF_to_N.uasset" 1821
"C:/UE5/Unreal Projects/TheLostPirate/Content/AdvancedLocomotionV4/CharacterAssets/MannequinSkeleton/AnimationExamples/Base/Transitions/ALS_CLF_to_N.uexp" 1822
"C:/UE5/Unreal Projects/TheLostPirate/Content/AdvancedLocomotionV4/CharacterAssets/MannequinSkeleton/AnimationExamples/Base/Locomotion/ALS_CLF_Walk_F.uasset" 1823
"C:/UE5/Unreal Projects/TheLostPirate/Content/AdvancedLocomotionV4/CharacterAssets/MannequinSkeleton/AnimationExamples/Base/Locomotion/ALS_CLF_Walk_F.uexp" 1824
"C:/UE5/Unreal Projects/TheLostPirate/Content/AdvancedLocomotionV4/Data/Curves/AnimationBlendCurves/YawOffset_FB.uasset" 1825
"C:/UE5/Unreal Projects/TheLostPirate/Content/AdvancedLocomotionV4/Data/Curves/AnimationBlendCurves/YawOffset_FB.uexp" 1826
"C:/UE5/Unreal Projects/TheLostPirate/Content/AdvancedLocomotionV4/CharacterAssets/MannequinSkeleton/AnimationExamples/Base/Locomotion/ALS_N_WalkPose_L.uasset" 1827
"C:/UE5/Unreal Projects/TheLostPirate/Content/AdvancedLocomotionV4/CharacterAssets/MannequinSkeleton/AnimationExamples/Base/Locomotion/ALS_N_WalkPose_L.uexp" 1828
"C:/UE5/Unreal Projects/TheLostPirate/Content/AdvancedLocomotionV4/CharacterAssets/MannequinSkeleton/AnimationExamples/Base/Locomotion/ALS_N_Run_LF.uasset" 1829
"C:/UE5/Unreal Projects/TheLostPirate/Content/AdvancedLocomotionV4/CharacterAssets/MannequinSkeleton/AnimationExamples/Base/Locomotion/ALS_N_Run_LF.uexp" 1830
"C:/UE5/Unreal Projects/TheLostPirate/Content/AdvancedLocomotionV4/CharacterAssets/MannequinSkeleton/AnimationExamples/Base/Locomotion/ALS_N_RunPose_L.uasset" 1831
"C:/UE5/Unreal Projects/TheLostPirate/Content/AdvancedLocomotionV4/CharacterAssets/MannequinSkeleton/AnimationExamples/Base/Locomotion/ALS_N_RunPose_L.uexp" 1832
"C:/UE5/Unreal Projects/TheLostPirate/Content/AdvancedLocomotionV4/CharacterAssets/MannequinSkeleton/AnimationExamples/Base/Locomotion/ALS_N_Walk_LF.uasset" 1833
"C:/UE5/Unreal Projects/TheLostPirate/Content/AdvancedLocomotionV4/CharacterAssets/MannequinSkeleton/AnimationExamples/Base/Locomotion/ALS_N_Walk_LF.uexp" 1834
"C:/UE5/Unreal Projects/TheLostPirate/Content/AdvancedLocomotionV4/CharacterAssets/MannequinSkeleton/AnimationExamples/Base/Locomotion/ALS_N_WalkRun_FL.uasset" 1835
"C:/UE5/Unreal Projects/TheLostPirate/Content/AdvancedLocomotionV4/CharacterAssets/MannequinSkeleton/AnimationExamples/Base/Locomotion/ALS_N_WalkRun_FL.uexp" 1836
"C:/UE5/Unreal Projects/TheLostPirate/Content/AdvancedLocomotionV4/Data/Curves/AnimationBlendCurves/AO_SwitchSidesOut.uasset" 1837
"C:/UE5/Unreal Projects/TheLostPirate/Content/AdvancedLocomotionV4/Data/Curves/AnimationBlendCurves/AO_SwitchSidesOut.uexp" 1838
"C:/UE5/Unreal Projects/TheLostPirate/Content/AdvancedLocomotionV4/CharacterAssets/MannequinSkeleton/AnimationExamples/Base/Transitions/ALS_N_to_CLF.uasset" 1839
"C:/UE5/Unreal Projects/TheLostPirate/Content/AdvancedLocomotionV4/CharacterAssets/MannequinSkeleton/AnimationExamples/Base/Transitions/ALS_N_to_CLF.uexp" 1840
"C:/UE5/Unreal Projects/TheLostPirate/Content/AdvancedLocomotionV4/Data/Curves/AnimationBlendCurves/LookIn.uasset" 1841
"C:/UE5/Unreal Projects/TheLostPirate/Content/AdvancedLocomotionV4/Data/Curves/AnimationBlendCurves/LookIn.uexp" 1842
"C:/UE5/Unreal Projects/TheLostPirate/Content/AdvancedLocomotionV4/CharacterAssets/MannequinSkeleton/AnimationExamples/Base/Locomotion/ALS_CRF_Walk_R.uasset" 1843
"C:/UE5/Unreal Projects/TheLostPirate/Content/AdvancedLocomotionV4/CharacterAssets/MannequinSkeleton/AnimationExamples/Base/Locomotion/ALS_CRF_Walk_R.uexp" 1844
"C:/UE5/Unreal Projects/TheLostPirate/Content/AdvancedLocomotionV4/CharacterAssets/MannequinSkeleton/AnimationExamples/Base/InAir/ALS_Flail.uasset" 1845
"C:/UE5/Unreal Projects/TheLostPirate/Content/AdvancedLocomotionV4/CharacterAssets/MannequinSkeleton/AnimationExamples/Base/InAir/ALS_Flail.uexp" 1846
"C:/UE5/Unreal Projects/TheLostPirate/Content/AdvancedLocomotionV4/Data/Curves/AnimationBlendCurves/AimingInCurve.uasset" 1847
"C:/UE5/Unreal Projects/TheLostPirate/Content/AdvancedLocomotionV4/Data/Curves/AnimationBlendCurves/AimingInCurve.uexp" 1848
"C:/UE5/Unreal Projects/TheLostPirate/Content/AdvancedLocomotionV4/CharacterAssets/MannequinSkeleton/AnimationExamples/Base/Locomotion/ALS_N_Run_RB.uasset" 1849
"C:/UE5/Unreal Projects/TheLostPirate/Content/AdvancedLocomotionV4/CharacterAssets/MannequinSkeleton/AnimationExamples/Base/Locomotion/ALS_N_Run_RB.uexp" 1850
"C:/UE5/Unreal Projects/TheLostPirate/Content/AdvancedLocomotionV4/CharacterAssets/MannequinSkeleton/AnimationExamples/Base/Locomotion/ALS_N_WalkRun_BR.uasset" 1851
"C:/UE5/Unreal Projects/TheLostPirate/Content/AdvancedLocomotionV4/CharacterAssets/MannequinSkeleton/AnimationExamples/Base/Locomotion/ALS_N_WalkRun_BR.uexp" 1852
"C:/UE5/Unreal Projects/TheLostPirate/Content/AdvancedLocomotionV4/CharacterAssets/MannequinSkeleton/AnimationExamples/Base/TurnInPlace/ALS_CLF_TurnIP_R90.uasset" 1853
"C:/UE5/Unreal Projects/TheLostPirate/Content/AdvancedLocomotionV4/CharacterAssets/MannequinSkeleton/AnimationExamples/Base/TurnInPlace/ALS_CLF_TurnIP_R90.uexp" 1854
"C:/UE5/Unreal Projects/TheLostPirate/Content/AdvancedLocomotionV4/Data/Curves/AnimationBlendCurves/StrideBlend_N_Walk.uasset" 1855
"C:/UE5/Unreal Projects/TheLostPirate/Content/AdvancedLocomotionV4/Data/Curves/AnimationBlendCurves/StrideBlend_N_Walk.uexp" 1856
"C:/UE5/Unreal Projects/TheLostPirate/Content/AdvancedLocomotionV4/Data/Curves/AnimationBlendCurves/AimingOutCurve.uasset" 1857
"C:/UE5/Unreal Projects/TheLostPirate/Content/AdvancedLocomotionV4/Data/Curves/AnimationBlendCurves/AimingOutCurve.uexp" 1858
"C:/UE5/Unreal Projects/TheLostPirate/Content/AdvancedLocomotionV4/CharacterAssets/MannequinSkeleton/AnimationExamples/Base/InAir/ALS_N_FallLoop.uasset" 1859
"C:/UE5/Unreal Projects/TheLostPirate/Content/AdvancedLocomotionV4/CharacterAssets/MannequinSkeleton/AnimationExamples/Base/InAir/ALS_N_FallLoop.uexp" 1860
"C:/UE5/Unreal Projects/TheLostPirate/Content/AdvancedLocomotionV4/CharacterAssets/MannequinSkeleton/AnimationExamples/Base/TurnInPlace/ALS_N_Rotate_R90.uasset" 1861
"C:/UE5/Unreal Projects/TheLostPirate/Content/AdvancedLocomotionV4/CharacterAssets/MannequinSkeleton/AnimationExamples/Base/TurnInPlace/ALS_N_Rotate_R90.uexp" 1862
"C:/UE5/Unreal Projects/TheLostPirate/Content/AdvancedLocomotionV4/Data/Curves/AnimationBlendCurves/StrideBlend_N_Run.uasset" 1863
"C:/UE5/Unreal Projects/TheLostPirate/Content/AdvancedLocomotionV4/Data/Curves/AnimationBlendCurves/StrideBlend_N_Run.uexp" 1864
"C:/UE5/Unreal Projects/TheLostPirate/Content/AdvancedLocomotionV4/CharacterAssets/MannequinSkeleton/AnimationExamples/Base/TurnInPlace/ALS_CLF_Rotate_R90.uasset" 1865
"C:/UE5/Unreal Projects/TheLostPirate/Content/AdvancedLocomotionV4/CharacterAssets/MannequinSkeleton/AnimationExamples/Base/TurnInPlace/ALS_CLF_Rotate_R90.uexp" 1866
"C:/UE5/Unreal Projects/TheLostPirate/Content/AdvancedLocomotionV4/CharacterAssets/MannequinSkeleton/AnimationExamples/Base/TurnInPlace/ALS_N_TurnIP_R180.uasset" 1867
"C:/UE5/Unreal Projects/TheLostPirate/Content/AdvancedLocomotionV4/CharacterAssets/MannequinSkeleton/AnimationExamples/Base/TurnInPlace/ALS_N_TurnIP_R180.uexp" 1868
"C:/UE5/Unreal Projects/TheLostPirate/Content/AdvancedLocomotionV4/CharacterAssets/MannequinSkeleton/AnimationExamples/Overlay/Binoculars/ALS_Props_Binoculars_Poses_NoCurves.uasset" 1869
"C:/UE5/Unreal Projects/TheLostPirate/Content/AdvancedLocomotionV4/CharacterAssets/MannequinSkeleton/AnimationExamples/Overlay/Binoculars/ALS_Props_Binoculars_Poses_NoCurves.uexp" 1870
"C:/UE5/Unreal Projects/TheLostPirate/Content/AdvancedLocomotionV4/CharacterAssets/MannequinSkeleton/AnimationExamples/Overlay/Binoculars/ALS_Props_Binoculars_Aim_Sweep_Crouched.uasset" 1871
"C:/UE5/Unreal Projects/TheLostPirate/Content/AdvancedLocomotionV4/CharacterAssets/MannequinSkeleton/AnimationExamples/Overlay/Binoculars/ALS_Props_Binoculars_Aim_Sweep_Crouched.uexp" 1872
"C:/UE5/Unreal Projects/TheLostPirate/Content/AdvancedLocomotionV4/CharacterAssets/MannequinSkeleton/AnimationExamples/Overlay/Binoculars/ALS_Props_Binoculars_Aim_Sweep.uasset" 1873
"C:/UE5/Unreal Projects/TheLostPirate/Content/AdvancedLocomotionV4/CharacterAssets/MannequinSkeleton/AnimationExamples/Overlay/Binoculars/ALS_Props_Binoculars_Aim_Sweep.uexp" 1874
"C:/UE5/Unreal Projects/TheLostPirate/Content/AdvancedLocomotionV4/Data/Structs/TurnInPlace_Asset.uasset" 1875
"C:/UE5/Unreal Projects/TheLostPirate/Content/AdvancedLocomotionV4/Data/Structs/TurnInPlace_Asset.uexp" 1876
"C:/UE5/Unreal Projects/TheLostPirate/Content/AdvancedLocomotionV4/Data/Structs/VelocityBlend.uasset" 1877
"C:/UE5/Unreal Projects/TheLostPirate/Content/AdvancedLocomotionV4/Data/Structs/VelocityBlend.uexp" 1878
"C:/UE5/Unreal Projects/TheLostPirate/Content/AdvancedLocomotionV4/CharacterAssets/MannequinSkeleton/AnimationExamples/Base/Locomotion/ALS_CLF_WalkPose.uasset" 1879
"C:/UE5/Unreal Projects/TheLostPirate/Content/AdvancedLocomotionV4/CharacterAssets/MannequinSkeleton/AnimationExamples/Base/Locomotion/ALS_CLF_WalkPose.uexp" 1880
"C:/UE5/Unreal Projects/TheLostPirate/Content/AdvancedLocomotionV4/CharacterAssets/MannequinSkeleton/AnimationExamples/Base/TurnInPlace/ALS_CLF_TurnIP_L90.uasset" 1881
"C:/UE5/Unreal Projects/TheLostPirate/Content/AdvancedLocomotionV4/CharacterAssets/MannequinSkeleton/AnimationExamples/Base/TurnInPlace/ALS_CLF_TurnIP_L90.uexp" 1882
"C:/UE5/Unreal Projects/TheLostPirate/Content/AdvancedLocomotionV4/CharacterAssets/MannequinSkeleton/AnimationExamples/Base/Locomotion/ALS_N_Walk_RF.uasset" 1883
"C:/UE5/Unreal Projects/TheLostPirate/Content/AdvancedLocomotionV4/CharacterAssets/MannequinSkeleton/AnimationExamples/Base/Locomotion/ALS_N_Walk_RF.uexp" 1884
"C:/UE5/Unreal Projects/TheLostPirate/Content/AdvancedLocomotionV4/Data/Enums/MovementDirection.uasset" 1885
"C:/UE5/Unreal Projects/TheLostPirate/Content/AdvancedLocomotionV4/Data/Enums/MovementDirection.uexp" 1886
"C:/UE5/Unreal Projects/TheLostPirate/Content/AdvancedLocomotionV4/CharacterAssets/MannequinSkeleton/AnimationExamples/Base/InAir/ALS_N_Land_Heavy_Additive.uasset" 1887
"C:/UE5/Unreal Projects/TheLostPirate/Content/AdvancedLocomotionV4/CharacterAssets/MannequinSkeleton/AnimationExamples/Base/InAir/ALS_N_Land_Heavy_Additive.uexp" 1888
"C:/UE5/Unreal Projects/TheLostPirate/Content/AdvancedLocomotionV4/CharacterAssets/MannequinSkeleton/AnimationExamples/Base/InAir/ALS_N_JumpLoop.uasset" 1889
"C:/UE5/Unreal Projects/TheLostPirate/Content/AdvancedLocomotionV4/CharacterAssets/MannequinSkeleton/AnimationExamples/Base/InAir/ALS_N_JumpLoop.uexp" 1890
"C:/UE5/Unreal Projects/TheLostPirate/Content/AdvancedLocomotionV4/CharacterAssets/MannequinSkeleton/AnimationExamples/Base/Transitions/ALS_N_Transition_R.uasset" 1891
"C:/UE5/Unreal Projects/TheLostPirate/Content/AdvancedLocomotionV4/CharacterAssets/MannequinSkeleton/AnimationExamples/Base/Transitions/ALS_N_Transition_R.uexp" 1892
"C:/UE5/Unreal Projects/TheLostPirate/Content/AdvancedLocomotionV4/CharacterAssets/MannequinSkeleton/AnimationExamples/AimOffsets/ALS_N_Look_F_Sweep.uasset" 1893
"C:/UE5/Unreal Projects/TheLostPirate/Content/AdvancedLocomotionV4/CharacterAssets/MannequinSkeleton/AnimationExamples/AimOffsets/ALS_N_Look_F_Sweep.uexp" 1894
"C:/UE5/Unreal Projects/TheLostPirate/Content/AdvancedLocomotionV4/CharacterAssets/MannequinSkeleton/AnimationExamples/Overlay/Pistol/ALS_Props_Pistol_2H_Poses_NoCurves.uasset" 1895
"C:/UE5/Unreal Projects/TheLostPirate/Content/AdvancedLocomotionV4/CharacterAssets/MannequinSkeleton/AnimationExamples/Overlay/Pistol/ALS_Props_Pistol_2H_Poses_NoCurves.uexp" 1896
"C:/UE5/Unreal Projects/TheLostPirate/Content/AdvancedLocomotionV4/CharacterAssets/MannequinSkeleton/AnimationExamples/Overlay/Pistol/ALS_Props_Pistol_2H_Aim_Sweep_Crouched.uasset" 1897
"C:/UE5/Unreal Projects/TheLostPirate/Content/AdvancedLocomotionV4/CharacterAssets/MannequinSkeleton/AnimationExamples/Overlay/Pistol/ALS_Props_Pistol_2H_Aim_Sweep_Crouched.uexp" 1898
"C:/UE5/Unreal Projects/TheLostPirate/Content/AdvancedLocomotionV4/CharacterAssets/MannequinSkeleton/AnimationExamples/Base/InAir/Detail/ALS_N_Falling_LeanPose_B.uasset" 1899
"C:/UE5/Unreal Projects/TheLostPirate/Content/AdvancedLocomotionV4/CharacterAssets/MannequinSkeleton/AnimationExamples/Base/InAir/Detail/ALS_N_Falling_LeanPose_B.uexp" 1900
"C:/UE5/Unreal Projects/TheLostPirate/Content/AdvancedLocomotionV4/CharacterAssets/MannequinSkeleton/AnimationExamples/Base/InAir/Detail/ALS_N_Falling_LeanPose_R.uasset" 1901
"C:/UE5/Unreal Projects/TheLostPirate/Content/AdvancedLocomotionV4/CharacterAssets/MannequinSkeleton/AnimationExamples/Base/InAir/Detail/ALS_N_Falling_LeanPose_R.uexp" 1902
"C:/UE5/Unreal Projects/TheLostPirate/Content/AdvancedLocomotionV4/CharacterAssets/MannequinSkeleton/AnimationExamples/Base/InAir/Detail/ALS_N_Falling_LeanPose_F.uasset" 1903
"C:/UE5/Unreal Projects/TheLostPirate/Content/AdvancedLocomotionV4/CharacterAssets/MannequinSkeleton/AnimationExamples/Base/InAir/Detail/ALS_N_Falling_LeanPose_F.uexp" 1904
"C:/UE5/Unreal Projects/TheLostPirate/Content/AdvancedLocomotionV4/CharacterAssets/MannequinSkeleton/AnimationExamples/Base/InAir/Detail/ALS_N_Falling_LeanPose_L.uasset" 1905
"C:/UE5/Unreal Projects/TheLostPirate/Content/AdvancedLocomotionV4/CharacterAssets/MannequinSkeleton/AnimationExamples/Base/InAir/Detail/ALS_N_Falling_LeanPose_L.uexp" 1906
"C:/UE5/Unreal Projects/TheLostPirate/Content/AdvancedLocomotionV4/CharacterAssets/MannequinSkeleton/AnimationExamples/Base/InAir/Detail/ALS_N_Falling_LeanPose_0.uasset" 1907
"C:/UE5/Unreal Projects/TheLostPirate/Content/AdvancedLocomotionV4/CharacterAssets/MannequinSkeleton/AnimationExamples/Base/InAir/Detail/ALS_N_Falling_LeanPose_0.uexp" 1908
"C:/UE5/Unreal Projects/TheLostPirate/Content/AdvancedLocomotionV4/CharacterAssets/MannequinSkeleton/AnimationExamples/Base/InAir/Detail/ALS_N_Lean_Falling.uasset" 1909
"C:/UE5/Unreal Projects/TheLostPirate/Content/AdvancedLocomotionV4/CharacterAssets/MannequinSkeleton/AnimationExamples/Base/InAir/Detail/ALS_N_Lean_Falling.uexp" 1910
"C:/UE5/Unreal Projects/TheLostPirate/Content/AdvancedLocomotionV4/CharacterAssets/MannequinSkeleton/AnimationExamples/Base/Locomotion/Detail/ALS_N_LeanPose_R.uasset" 1911
"C:/UE5/Unreal Projects/TheLostPirate/Content/AdvancedLocomotionV4/CharacterAssets/MannequinSkeleton/AnimationExamples/Base/Locomotion/Detail/ALS_N_LeanPose_R.uexp" 1912
"C:/UE5/Unreal Projects/TheLostPirate/Content/AdvancedLocomotionV4/CharacterAssets/MannequinSkeleton/AnimationExamples/Base/Locomotion/Detail/ALS_N_LeanPose_F.uasset" 1913
"C:/UE5/Unreal Projects/TheLostPirate/Content/AdvancedLocomotionV4/CharacterAssets/MannequinSkeleton/AnimationExamples/Base/Locomotion/Detail/ALS_N_LeanPose_F.uexp" 1914
"C:/UE5/Unreal Projects/TheLostPirate/Content/AdvancedLocomotionV4/CharacterAssets/MannequinSkeleton/AnimationExamples/Base/Locomotion/Detail/ALS_N_LeanPose_B.uasset" 1915
"C:/UE5/Unreal Projects/TheLostPirate/Content/AdvancedLocomotionV4/CharacterAssets/MannequinSkeleton/AnimationExamples/Base/Locomotion/Detail/ALS_N_LeanPose_B.uexp" 1916
"C:/UE5/Unreal Projects/TheLostPirate/Content/AdvancedLocomotionV4/CharacterAssets/MannequinSkeleton/AnimationExamples/Base/Locomotion/Detail/ALS_N_LeanPose_0.uasset" 1917
"C:/UE5/Unreal Projects/TheLostPirate/Content/AdvancedLocomotionV4/CharacterAssets/MannequinSkeleton/AnimationExamples/Base/Locomotion/Detail/ALS_N_LeanPose_0.uexp" 1918
"C:/UE5/Unreal Projects/TheLostPirate/Content/AdvancedLocomotionV4/CharacterAssets/MannequinSkeleton/AnimationExamples/Base/Locomotion/Detail/ALS_N_LeanPose_L.uasset" 1919
"C:/UE5/Unreal Projects/TheLostPirate/Content/AdvancedLocomotionV4/CharacterAssets/MannequinSkeleton/AnimationExamples/Base/Locomotion/Detail/ALS_N_LeanPose_L.uexp" 1920
"C:/UE5/Unreal Projects/TheLostPirate/Content/AdvancedLocomotionV4/CharacterAssets/MannequinSkeleton/AnimationExamples/Base/Locomotion/Detail/ALS_N_Lean.uasset" 1921
"C:/UE5/Unreal Projects/TheLostPirate/Content/AdvancedLocomotionV4/CharacterAssets/MannequinSkeleton/AnimationExamples/Base/Locomotion/Detail/ALS_N_Lean.uexp" 1922
"C:/UE5/Unreal Projects/TheLostPirate/Content/AdvancedLocomotionV4/Data/Curves/AnimationBlendCurves/ChangeDirection.uasset" 1923
"C:/UE5/Unreal Projects/TheLostPirate/Content/AdvancedLocomotionV4/Data/Curves/AnimationBlendCurves/ChangeDirection.uexp" 1924
"C:/UE5/Unreal Projects/TheLostPirate/Content/AdvancedLocomotionV4/Data/Curves/AnimationBlendCurves/AO_SwitchSidesIn.uasset" 1925
"C:/UE5/Unreal Projects/TheLostPirate/Content/AdvancedLocomotionV4/Data/Curves/AnimationBlendCurves/AO_SwitchSidesIn.uexp" 1926
"C:/UE5/Unreal Projects/TheLostPirate/Content/AdvancedLocomotionV4/CharacterAssets/MannequinSkeleton/AnimationExamples/AimOffsets/ALS_N_Look_D_Sweep.uasset" 1927
"C:/UE5/Unreal Projects/TheLostPirate/Content/AdvancedLocomotionV4/CharacterAssets/MannequinSkeleton/AnimationExamples/AimOffsets/ALS_N_Look_D_Sweep.uexp" 1928
"C:/UE5/Unreal Projects/TheLostPirate/Content/AdvancedLocomotionV4/CharacterAssets/MannequinSkeleton/AnimationExamples/AimOffsets/ALS_N_Look_U_Sweep.uasset" 1929
"C:/UE5/Unreal Projects/TheLostPirate/Content/AdvancedLocomotionV4/CharacterAssets/MannequinSkeleton/AnimationExamples/AimOffsets/ALS_N_Look_U_Sweep.uexp" 1930
"C:/UE5/Unreal Projects/TheLostPirate/Content/AdvancedLocomotionV4/CharacterAssets/MannequinSkeleton/AnimationExamples/AimOffsets/ALS_N_Look.uasset" 1931
"C:/UE5/Unreal Projects/TheLostPirate/Content/AdvancedLocomotionV4/CharacterAssets/MannequinSkeleton/AnimationExamples/AimOffsets/ALS_N_Look.uexp" 1932
"C:/UE5/Unreal Projects/TheLostPirate/Content/AdvancedLocomotionV4/CharacterAssets/MannequinSkeleton/AnimationExamples/Base/Locomotion/ALS_CLF_Walk_R.uasset" 1933
"C:/UE5/Unreal Projects/TheLostPirate/Content/AdvancedLocomotionV4/CharacterAssets/MannequinSkeleton/AnimationExamples/Base/Locomotion/ALS_CLF_Walk_R.uexp" 1934
"C:/UE5/Unreal Projects/TheLostPirate/Content/AdvancedLocomotionV4/CharacterAssets/MannequinSkeleton/AnimationExamples/Base/Transitions/ALS_N_Transition_L.uasset" 1935
"C:/UE5/Unreal Projects/TheLostPirate/Content/AdvancedLocomotionV4/CharacterAssets/MannequinSkeleton/AnimationExamples/Base/Transitions/ALS_N_Transition_L.uexp" 1936
"C:/UE5/Unreal Projects/TheLostPirate/Content/AdvancedLocomotionV4/CharacterAssets/MannequinSkeleton/AnimationExamples/Base/Locomotion/Detail/ALS_N_LocoDetail_Accel_R.uasset" 1937
"C:/UE5/Unreal Projects/TheLostPirate/Content/AdvancedLocomotionV4/CharacterAssets/MannequinSkeleton/AnimationExamples/Base/Locomotion/Detail/ALS_N_LocoDetail_Accel_R.uexp" 1938
"C:/UE5/Unreal Projects/TheLostPirate/Content/AdvancedLocomotionV4/CharacterAssets/MannequinSkeleton/AnimationExamples/Overlay/Pistol/ALS_Props_Pistol_1H_Poses.uasset" 1939
"C:/UE5/Unreal Projects/TheLostPirate/Content/AdvancedLocomotionV4/CharacterAssets/MannequinSkeleton/AnimationExamples/Overlay/Pistol/ALS_Props_Pistol_1H_Poses.uexp" 1940
"C:/UE5/Unreal Projects/TheLostPirate/Content/AdvancedLocomotionV4/CharacterAssets/MannequinSkeleton/AnimationExamples/Base/BasePoses/ALS_CLF_Pose.uasset" 1941
"C:/UE5/Unreal Projects/TheLostPirate/Content/AdvancedLocomotionV4/CharacterAssets/MannequinSkeleton/AnimationExamples/Base/BasePoses/ALS_CLF_Pose.uexp" 1942
"C:/UE5/Unreal Projects/TheLostPirate/Content/AdvancedLocomotionV4/CharacterAssets/MannequinSkeleton/AnimationExamples/Overlay/Bow/ALS_Props_Bow_Poses_NoCurves.uasset" 1943
"C:/UE5/Unreal Projects/TheLostPirate/Content/AdvancedLocomotionV4/CharacterAssets/MannequinSkeleton/AnimationExamples/Overlay/Bow/ALS_Props_Bow_Poses_NoCurves.uexp" 1944
"C:/UE5/Unreal Projects/TheLostPirate/Content/AdvancedLocomotionV4/CharacterAssets/MannequinSkeleton/AnimationExamples/Overlay/Bow/ALS_Props_Bow_Aim_Sweep.uasset" 1945
"C:/UE5/Unreal Projects/TheLostPirate/Content/AdvancedLocomotionV4/CharacterAssets/MannequinSkeleton/AnimationExamples/Overlay/Bow/ALS_Props_Bow_Aim_Sweep.uexp" 1946
"C:/UE5/Unreal Projects/TheLostPirate/Content/AdvancedLocomotionV4/CharacterAssets/MannequinSkeleton/AnimationExamples/Base/Transitions/ALS_N_Stop_R_Down.uasset" 1947
"C:/UE5/Unreal Projects/TheLostPirate/Content/AdvancedLocomotionV4/CharacterAssets/MannequinSkeleton/AnimationExamples/Base/Transitions/ALS_N_Stop_R_Down.uexp" 1948
"C:/UE5/Unreal Projects/TheLostPirate/Content/AdvancedLocomotionV4/CharacterAssets/MannequinSkeleton/AnimationExamples/Overlay/StanceVariations/ALS_StanceVariation_Injured.uasset" 1949
"C:/UE5/Unreal Projects/TheLostPirate/Content/AdvancedLocomotionV4/CharacterAssets/MannequinSkeleton/AnimationExamples/Overlay/StanceVariations/ALS_StanceVariation_Injured.uexp" 1950
"C:/UE5/Unreal Projects/TheLostPirate/Content/AdvancedLocomotionV4/CharacterAssets/MannequinSkeleton/AnimationExamples/Base/TurnInPlace/ALS_N_TurnIP_L90.uasset" 1951
"C:/UE5/Unreal Projects/TheLostPirate/Content/AdvancedLocomotionV4/CharacterAssets/MannequinSkeleton/AnimationExamples/Base/TurnInPlace/ALS_N_TurnIP_L90.uexp" 1952
"C:/UE5/Unreal Projects/TheLostPirate/Content/AdvancedLocomotionV4/CharacterAssets/MannequinSkeleton/AnimationExamples/Overlay/Pistol/ALS_Props_Pistol_2H_Aim_Sweep.uasset" 1953
"C:/UE5/Unreal Projects/TheLostPirate/Content/AdvancedLocomotionV4/CharacterAssets/MannequinSkeleton/AnimationExamples/Overlay/Pistol/ALS_Props_Pistol_2H_Aim_Sweep.uexp" 1954
"C:/UE5/Unreal Projects/TheLostPirate/Content/AdvancedLocomotionV4/CharacterAssets/MannequinSkeleton/AnimationExamples/Base/Locomotion/ALS_CLF_Walk_L.uasset" 1955
"C:/UE5/Unreal Projects/TheLostPirate/Content/AdvancedLocomotionV4/CharacterAssets/MannequinSkeleton/AnimationExamples/Base/Locomotion/ALS_CLF_Walk_L.uexp" 1956
"C:/UE5/Unreal Projects/TheLostPirate/Content/AdvancedLocomotionV4/Data/Curves/AnimationBlendCurves/LandPredictionBlend.uasset" 1957
"C:/UE5/Unreal Projects/TheLostPirate/Content/AdvancedLocomotionV4/Data/Curves/AnimationBlendCurves/LandPredictionBlend.uexp" 1958
"C:/UE5/Unreal Projects/TheLostPirate/Content/AdvancedLocomotionV4/CharacterAssets/MannequinSkeleton/AnimationExamples/Base/InAir/ALS_N_Land_Light.uasset" 1959
"C:/UE5/Unreal Projects/TheLostPirate/Content/AdvancedLocomotionV4/CharacterAssets/MannequinSkeleton/AnimationExamples/Base/InAir/ALS_N_Land_Light.uexp" 1960
"C:/UE5/Unreal Projects/TheLostPirate/Content/AdvancedLocomotionV4/CharacterAssets/MannequinSkeleton/AnimationExamples/Overlay/Pistol/ALS_Props_Pistol_1H_Aim_Sweep_Crouched.uasset" 1961
"C:/UE5/Unreal Projects/TheLostPirate/Content/AdvancedLocomotionV4/CharacterAssets/MannequinSkeleton/AnimationExamples/Overlay/Pistol/ALS_Props_Pistol_1H_Aim_Sweep_Crouched.uexp" 1962
"C:/UE5/Unreal Projects/TheLostPirate/Content/AdvancedLocomotionV4/CharacterAssets/MannequinSkeleton/AnimationExamples/Overlay/M4A1/ALS_Props_M4A1_Aim_Sweep.uasset" 1963
"C:/UE5/Unreal Projects/TheLostPirate/Content/AdvancedLocomotionV4/CharacterAssets/MannequinSkeleton/AnimationExamples/Overlay/M4A1/ALS_Props_M4A1_Aim_Sweep.uexp" 1964
"C:/UE5/Unreal Projects/TheLostPirate/Content/AdvancedLocomotionV4/Data/Curves/AnimationBlendCurves/LeanInAirAmount.uasset" 1965
"C:/UE5/Unreal Projects/TheLostPirate/Content/AdvancedLocomotionV4/Data/Curves/AnimationBlendCurves/LeanInAirAmount.uexp" 1966
"C:/UE5/Unreal Projects/TheLostPirate/Content/AdvancedLocomotionV4/CharacterAssets/MannequinSkeleton/AnimationExamples/Overlay/M4A1/ALS_Props_M4A1_Sprint_F_Arms.uasset" 1967
"C:/UE5/Unreal Projects/TheLostPirate/Content/AdvancedLocomotionV4/CharacterAssets/MannequinSkeleton/AnimationExamples/Overlay/M4A1/ALS_Props_M4A1_Sprint_F_Arms.uexp" 1968
"C:/UE5/Unreal Projects/TheLostPirate/Content/AdvancedLocomotionV4/Data/Structs/LeanAmount.uasset" 1969
"C:/UE5/Unreal Projects/TheLostPirate/Content/AdvancedLocomotionV4/Data/Structs/LeanAmount.uexp" 1970
"C:/UE5/Unreal Projects/TheLostPirate/Content/AdvancedLocomotionV4/CharacterAssets/MannequinSkeleton/AnimationExamples/Base/TurnInPlace/ALS_CLF_TurnIP_L180.uasset" 1971
"C:/UE5/Unreal Projects/TheLostPirate/Content/AdvancedLocomotionV4/CharacterAssets/MannequinSkeleton/AnimationExamples/Base/TurnInPlace/ALS_CLF_TurnIP_L180.uexp" 1972
"C:/UE5/Unreal Projects/TheLostPirate/Content/AdvancedLocomotionV4/CharacterAssets/MannequinSkeleton/AnimationExamples/Base/InAir/ALS_N_Land_Heavy.uasset" 1973
"C:/UE5/Unreal Projects/TheLostPirate/Content/AdvancedLocomotionV4/CharacterAssets/MannequinSkeleton/AnimationExamples/Base/InAir/ALS_N_Land_Heavy.uexp" 1974
"C:/UE5/Unreal Projects/TheLostPirate/Content/AdvancedLocomotionV4/CharacterAssets/MannequinSkeleton/AnimationExamples/Overlay/M4A1/ALS_Props_M4A1_Poses.uasset" 1975
"C:/UE5/Unreal Projects/TheLostPirate/Content/AdvancedLocomotionV4/CharacterAssets/MannequinSkeleton/AnimationExamples/Overlay/M4A1/ALS_Props_M4A1_Poses.uexp" 1976
"C:/UE5/Unreal Projects/TheLostPirate/Content/AdvancedLocomotionV4/CharacterAssets/MannequinSkeleton/AnimationExamples/Base/Locomotion/ALS_CRF_Walk_L.uasset" 1977
"C:/UE5/Unreal Projects/TheLostPirate/Content/AdvancedLocomotionV4/CharacterAssets/MannequinSkeleton/AnimationExamples/Base/Locomotion/ALS_CRF_Walk_L.uexp" 1978
"C:/UE5/Unreal Projects/TheLostPirate/Content/AdvancedLocomotionV4/CharacterAssets/MannequinSkeleton/AnimationExamples/Overlay/StanceVariations/ALS_StanceVariation_Normal.uasset" 1979
"C:/UE5/Unreal Projects/TheLostPirate/Content/AdvancedLocomotionV4/CharacterAssets/MannequinSkeleton/AnimationExamples/Overlay/StanceVariations/ALS_StanceVariation_Normal.uexp" 1980
"C:/UE5/Unreal Projects/TheLostPirate/Content/AdvancedLocomotionV4/Data/Structs/RotateInPlace_Asset.uasset" 1981
"C:/UE5/Unreal Projects/TheLostPirate/Content/AdvancedLocomotionV4/Data/Structs/RotateInPlace_Asset.uexp" 1982
"C:/UE5/Unreal Projects/TheLostPirate/Content/AdvancedLocomotionV4/CharacterAssets/MannequinSkeleton/AnimationExamples/Base/Locomotion/Detail/ALS_N_LocoDetail_Accel_F.uasset" 1983
"C:/UE5/Unreal Projects/TheLostPirate/Content/AdvancedLocomotionV4/CharacterAssets/MannequinSkeleton/AnimationExamples/Base/Locomotion/Detail/ALS_N_LocoDetail_Accel_F.uexp" 1984
"C:/UE5/Unreal Projects/TheLostPirate/Content/AdvancedLocomotionV4/CharacterAssets/MannequinSkeleton/AnimationExamples/Overlay/Pistol/ALS_Props_Pistol_2H_Poses.uasset" 1985
"C:/UE5/Unreal Projects/TheLostPirate/Content/AdvancedLocomotionV4/CharacterAssets/MannequinSkeleton/AnimationExamples/Overlay/Pistol/ALS_Props_Pistol_2H_Poses.uexp" 1986
"C:/UE5/Unreal Projects/TheLostPirate/Content/AdvancedLocomotionV4/CharacterAssets/MannequinSkeleton/AnimationExamples/Base/Locomotion/ALS_N_Run_RF.uasset" 1987
"C:/UE5/Unreal Projects/TheLostPirate/Content/AdvancedLocomotionV4/CharacterAssets/MannequinSkeleton/AnimationExamples/Base/Locomotion/ALS_N_Run_RF.uexp" 1988
"C:/UE5/Unreal Projects/TheLostPirate/Content/AdvancedLocomotionV4/CharacterAssets/MannequinSkeleton/AnimationExamples/Base/Locomotion/ALS_N_WalkRun_FR.uasset" 1989
"C:/UE5/Unreal Projects/TheLostPirate/Content/AdvancedLocomotionV4/CharacterAssets/MannequinSkeleton/AnimationExamples/Base/Locomotion/ALS_N_WalkRun_FR.uexp" 1990
"C:/UE5/Unreal Projects/TheLostPirate/Content/AdvancedLocomotionV4/CharacterAssets/MannequinSkeleton/AnimationExamples/Overlay/Bow/ALS_Props_Bow_Aim_Sweep_Crouched.uasset" 1991
"C:/UE5/Unreal Projects/TheLostPirate/Content/AdvancedLocomotionV4/CharacterAssets/MannequinSkeleton/AnimationExamples/Overlay/Bow/ALS_Props_Bow_Aim_Sweep_Crouched.uexp" 1992
"C:/UE5/Unreal Projects/TheLostPirate/Content/AdvancedLocomotionV4/CharacterAssets/MannequinSkeleton/ALS_AnimBP.uasset" 1993
"C:/UE5/Unreal Projects/TheLostPirate/Content/AdvancedLocomotionV4/CharacterAssets/MannequinSkeleton/ALS_AnimBP.uexp" 1994
"C:/UE5/Unreal Projects/TheLostPirate/Content/AdvancedLocomotionV4/Props/Meshes/Barrel.ubulk" 1995
"C:/UE5/Unreal Projects/TheLostPirate/Content/AdvancedLocomotionV4/Props/Meshes/Barrel.uasset" 1996
"C:/UE5/Unreal Projects/TheLostPirate/Content/AdvancedLocomotionV4/Props/Meshes/Barrel.uexp" 1997
"C:/UE5/Unreal Projects/TheLostPirate/Content/AdvancedLocomotionV4/Blueprints/CharacterLogic/ALS_AnimMan_CharacterBP.uasset" 1998
"C:/UE5/Unreal Projects/TheLostPirate/Content/AdvancedLocomotionV4/Blueprints/CharacterLogic/ALS_AnimMan_CharacterBP.uexp" 1999
"C:/UE5/Unreal Projects/TheLostPirate/Content/AdvancedLocomotionV4/Blueprints/CharacterLogic/AI/ALS_AI_Controller.uasset" 2000
"C:/UE5/Unreal Projects/TheLostPirate/Content/AdvancedLocomotionV4/Blueprints/CharacterLogic/AI/ALS_AI_Controller.uexp" 2001
"C:/UE5/Unreal Projects/TheLostPirate/Content/AdvancedLocomotionV4/CharacterAssets/MannequinSkeleton/Meshes/Proxy.uasset" 2002
"C:/UE5/Unreal Projects/TheLostPirate/Content/AdvancedLocomotionV4/CharacterAssets/MannequinSkeleton/Meshes/Proxy.uexp" 2003
"C:/UE5/Unreal Projects/TheLostPirate/Content/AdvancedLocomotionV4/Data/Curves/CharacterMovementCurves/NormalMovement.uasset" 2004
"C:/UE5/Unreal Projects/TheLostPirate/Content/AdvancedLocomotionV4/Data/Curves/CharacterMovementCurves/NormalMovement.uexp" 2005
"C:/UE5/Unreal Projects/TheLostPirate/Content/AdvancedLocomotionV4/Data/Curves/CharacterMovementCurves/ResponsiveRotation.uasset" 2006
"C:/UE5/Unreal Projects/TheLostPirate/Content/AdvancedLocomotionV4/Data/Curves/CharacterMovementCurves/ResponsiveRotation.uexp" 2007
"C:/UE5/Unreal Projects/TheLostPirate/Content/AdvancedLocomotionV4/Data/Curves/CharacterMovementCurves/NormalRotation.uasset" 2008
"C:/UE5/Unreal Projects/TheLostPirate/Content/AdvancedLocomotionV4/Data/Curves/CharacterMovementCurves/NormalRotation.uexp" 2009
"C:/UE5/Unreal Projects/TheLostPirate/Content/AdvancedLocomotionV4/Data/Structs/MovementSettings.uasset" 2010
"C:/UE5/Unreal Projects/TheLostPirate/Content/AdvancedLocomotionV4/Data/Structs/MovementSettings.uexp" 2011
"C:/UE5/Unreal Projects/TheLostPirate/Content/AdvancedLocomotionV4/Data/Structs/MovementSettings_Stance.uasset" 2012
"C:/UE5/Unreal Projects/TheLostPirate/Content/AdvancedLocomotionV4/Data/Structs/MovementSettings_Stance.uexp" 2013
"C:/UE5/Unreal Projects/TheLostPirate/Content/AdvancedLocomotionV4/Data/Structs/MovementSettings_State.uasset" 2014
"C:/UE5/Unreal Projects/TheLostPirate/Content/AdvancedLocomotionV4/Data/Structs/MovementSettings_State.uexp" 2015
"C:/UE5/Unreal Projects/TheLostPirate/Content/AdvancedLocomotionV4/Data/Curves/CharacterMovementCurves/SluggishRotation.uasset" 2016
"C:/UE5/Unreal Projects/TheLostPirate/Content/AdvancedLocomotionV4/Data/Curves/CharacterMovementCurves/SluggishRotation.uexp" 2017
"C:/UE5/Unreal Projects/TheLostPirate/Content/AdvancedLocomotionV4/Data/Curves/CharacterMovementCurves/ResponsiveMovement.uasset" 2018
"C:/UE5/Unreal Projects/TheLostPirate/Content/AdvancedLocomotionV4/Data/Curves/CharacterMovementCurves/ResponsiveMovement.uexp" 2019
"C:/UE5/Unreal Projects/TheLostPirate/Content/AdvancedLocomotionV4/Data/Curves/CharacterMovementCurves/SluggishMovement.uasset" 2020
"C:/UE5/Unreal Projects/TheLostPirate/Content/AdvancedLocomotionV4/Data/Curves/CharacterMovementCurves/SluggishMovement.uexp" 2021
"C:/UE5/Unreal Projects/TheLostPirate/Content/AdvancedLocomotionV4/Data/DataTables/MovementModelTable.uasset" 2022
"C:/UE5/Unreal Projects/TheLostPirate/Content/AdvancedLocomotionV4/Data/DataTables/MovementModelTable.uexp" 2023
"C:/UE5/Unreal Projects/TheLostPirate/Content/AdvancedLocomotionV4/Data/Structs/Mantle_Params.uasset" 2024
"C:/UE5/Unreal Projects/TheLostPirate/Content/AdvancedLocomotionV4/Data/Structs/Mantle_Params.uexp" 2025
"C:/UE5/Unreal Projects/TheLostPirate/Content/AdvancedLocomotionV4/Data/Structs/Mantle_TraceSettings.uasset" 2026
"C:/UE5/Unreal Projects/TheLostPirate/Content/AdvancedLocomotionV4/Data/Structs/Mantle_TraceSettings.uexp" 2027
"C:/UE5/Unreal Projects/TheLostPirate/Content/AdvancedLocomotionV4/Blueprints/CharacterLogic/ALS_Base_CharacterBP.uasset" 2028
"C:/UE5/Unreal Projects/TheLostPirate/Content/AdvancedLocomotionV4/Blueprints/CharacterLogic/ALS_Base_CharacterBP.uexp" 2029
"C:/UE5/Unreal Projects/TheLostPirate/Content/BluePrints/BP_Torch.uasset" 2030
"C:/UE5/Unreal Projects/TheLostPirate/Content/BluePrints/BP_Torch.uexp" 2031
"C:/UE5/Unreal Projects/TheLostPirate/Content/AncientTreasures/Textures/Unique/TX_Dagger_01a_RMA.ubulk" 2032
"C:/UE5/Unreal Projects/TheLostPirate/Content/AncientTreasures/Textures/Unique/TX_Dagger_01a_RMA.uasset" 2033
"C:/UE5/Unreal Projects/TheLostPirate/Content/AncientTreasures/Textures/Unique/TX_Dagger_01a_RMA.uexp" 2034
"C:/UE5/Unreal Projects/TheLostPirate/Content/AncientTreasures/Textures/Unique/TX_Dagger_01a_NRM.ubulk" 2035
"C:/UE5/Unreal Projects/TheLostPirate/Content/AncientTreasures/Textures/Unique/TX_Dagger_01a_NRM.uasset" 2036
"C:/UE5/Unreal Projects/TheLostPirate/Content/AncientTreasures/Textures/Unique/TX_Dagger_01a_NRM.uexp" 2037
"C:/UE5/Unreal Projects/TheLostPirate/Content/AncientTreasures/Textures/Unique/TX_Dagger_01a_ALB.ubulk" 2038
"C:/UE5/Unreal Projects/TheLostPirate/Content/AncientTreasures/Textures/Unique/TX_Dagger_01a_ALB.uasset" 2039
"C:/UE5/Unreal Projects/TheLostPirate/Content/AncientTreasures/Textures/Unique/TX_Dagger_01a_ALB.uexp" 2040
"C:/UE5/Unreal Projects/TheLostPirate/Content/AncientTreasures/Materials/Instances/MI_Dagger_01a.uasset" 2041
"C:/UE5/Unreal Projects/TheLostPirate/Content/AncientTreasures/Materials/Instances/MI_Dagger_01a.uexp" 2042
"C:/UE5/Unreal Projects/TheLostPirate/Content/AncientTreasures/Meshes/SM_Dagger_01a.ubulk" 2043
"C:/UE5/Unreal Projects/TheLostPirate/Content/AncientTreasures/Meshes/SM_Dagger_01a.uasset" 2044
"C:/UE5/Unreal Projects/TheLostPirate/Content/AncientTreasures/Meshes/SM_Dagger_01a.uexp" 2045
"C:/UE5/Unreal Projects/TheLostPirate/Content/AncientTreasures/Textures/Unique/TX_Bangle_01b_NRM.ubulk" 2046
"C:/UE5/Unreal Projects/TheLostPirate/Content/AncientTreasures/Textures/Unique/TX_Bangle_01b_NRM.uasset" 2047
"C:/UE5/Unreal Projects/TheLostPirate/Content/AncientTreasures/Textures/Unique/TX_Bangle_01b_NRM.uexp" 2048
"C:/UE5/Unreal Projects/TheLostPirate/Content/AncientTreasures/Textures/Unique/TX_Bangle_01b_RMA.ubulk" 2049
"C:/UE5/Unreal Projects/TheLostPirate/Content/AncientTreasures/Textures/Unique/TX_Bangle_01b_RMA.uasset" 2050
"C:/UE5/Unreal Projects/TheLostPirate/Content/AncientTreasures/Textures/Unique/TX_Bangle_01b_RMA.uexp" 2051
"C:/UE5/Unreal Projects/TheLostPirate/Content/AncientTreasures/Textures/Unique/TX_Bangle_01b_ALB.ubulk" 2052
"C:/UE5/Unreal Projects/TheLostPirate/Content/AncientTreasures/Textures/Unique/TX_Bangle_01b_ALB.uasset" 2053
"C:/UE5/Unreal Projects/TheLostPirate/Content/AncientTreasures/Textures/Unique/TX_Bangle_01b_ALB.uexp" 2054
"C:/UE5/Unreal Projects/TheLostPirate/Content/AncientTreasures/Materials/Instances/MI_Bangle_01b.uasset" 2055
"C:/UE5/Unreal Projects/TheLostPirate/Content/AncientTreasures/Materials/Instances/MI_Bangle_01b.uexp" 2056
"C:/UE5/Unreal Projects/TheLostPirate/Content/AncientTreasures/Meshes/SM_Bangle_01a.ubulk" 2057
"C:/UE5/Unreal Projects/TheLostPirate/Content/AncientTreasures/Meshes/SM_Bangle_01a.uasset" 2058
"C:/UE5/Unreal Projects/TheLostPirate/Content/AncientTreasures/Meshes/SM_Bangle_01a.uexp" 2059
"C:/UE5/Unreal Projects/TheLostPirate/Content/AdvancedLocomotionV4/Audio/UI/Click.ubulk" 2060
"C:/UE5/Unreal Projects/TheLostPirate/Content/AdvancedLocomotionV4/Audio/UI/Click.uasset" 2061
"C:/UE5/Unreal Projects/TheLostPirate/Content/AdvancedLocomotionV4/Audio/UI/Click.uexp" 2062
"C:/UE5/Unreal Projects/TheLostPirate/Content/AdvancedLocomotionV4/Audio/UI/ClickCue.uasset" 2063
"C:/UE5/Unreal Projects/TheLostPirate/Content/AdvancedLocomotionV4/Audio/UI/ClickCue.uexp" 2064
"C:/UE5/Unreal Projects/TheLostPirate/Content/UI/Victory_HUD.uasset" 2065
"C:/UE5/Unreal Projects/TheLostPirate/Content/UI/Victory_HUD.uexp" 2066
"C:/UE5/Unreal Projects/TheLostPirate/Content/AncientTreasures/Meshes/SM_Bangle_01h.ubulk" 2067
"C:/UE5/Unreal Projects/TheLostPirate/Content/AncientTreasures/Meshes/SM_Bangle_01h.uasset" 2068
"C:/UE5/Unreal Projects/TheLostPirate/Content/AncientTreasures/Meshes/SM_Bangle_01h.uexp" 2069
"C:/UE5/Unreal Projects/TheLostPirate/Content/AncientTreasures/Meshes/SM_ClayPot_03f.ubulk" 2070
"C:/UE5/Unreal Projects/TheLostPirate/Content/AncientTreasures/Meshes/SM_ClayPot_03f.uasset" 2071
"C:/UE5/Unreal Projects/TheLostPirate/Content/AncientTreasures/Meshes/SM_ClayPot_03f.uexp" 2072
"C:/UE5/Unreal Projects/TheLostPirate/Content/AncientTreasures/Textures/Unique/TX_Chest_01a_RMA.ubulk" 2073
"C:/UE5/Unreal Projects/TheLostPirate/Content/AncientTreasures/Textures/Unique/TX_Chest_01a_RMA.uasset" 2074
"C:/UE5/Unreal Projects/TheLostPirate/Content/AncientTreasures/Textures/Unique/TX_Chest_01a_RMA.uexp" 2075
"C:/UE5/Unreal Projects/TheLostPirate/Content/AncientTreasures/Textures/Unique/TX_Chest_01a_ALB.ubulk" 2076
"C:/UE5/Unreal Projects/TheLostPirate/Content/AncientTreasures/Textures/Unique/TX_Chest_01a_ALB.uasset" 2077
"C:/UE5/Unreal Projects/TheLostPirate/Content/AncientTreasures/Textures/Unique/TX_Chest_01a_ALB.uexp" 2078
"C:/UE5/Unreal Projects/TheLostPirate/Content/AncientTreasures/Textures/Unique/TX_Chest_01a_NRM.ubulk" 2079
"C:/UE5/Unreal Projects/TheLostPirate/Content/AncientTreasures/Textures/Unique/TX_Chest_01a_NRM.uasset" 2080
"C:/UE5/Unreal Projects/TheLostPirate/Content/AncientTreasures/Textures/Unique/TX_Chest_01a_NRM.uexp" 2081
"C:/UE5/Unreal Projects/TheLostPirate/Content/AncientTreasures/Materials/Instances/MI_Chest_01a.uasset" 2082
"C:/UE5/Unreal Projects/TheLostPirate/Content/AncientTreasures/Materials/Instances/MI_Chest_01a.uexp" 2083
"C:/UE5/Unreal Projects/TheLostPirate/Content/AncientTreasures/Meshes/SM_Chest_01c.ubulk" 2084
"C:/UE5/Unreal Projects/TheLostPirate/Content/AncientTreasures/Meshes/SM_Chest_01c.uasset" 2085
"C:/UE5/Unreal Projects/TheLostPirate/Content/AncientTreasures/Meshes/SM_Chest_01c.uexp" 2086
"C:/UE5/Unreal Projects/TheLostPirate/Content/AncientTreasures/Meshes/SM_Bangle_01i.ubulk" 2087
"C:/UE5/Unreal Projects/TheLostPirate/Content/AncientTreasures/Meshes/SM_Bangle_01i.uasset" 2088
"C:/UE5/Unreal Projects/TheLostPirate/Content/AncientTreasures/Meshes/SM_Bangle_01i.uexp" 2089
"C:/UE5/Unreal Projects/TheLostPirate/Content/AncientTreasures/Textures/Unique/TX_Bangle_01a_RMA.ubulk" 2090
"C:/UE5/Unreal Projects/TheLostPirate/Content/AncientTreasures/Textures/Unique/TX_Bangle_01a_RMA.uasset" 2091
"C:/UE5/Unreal Projects/TheLostPirate/Content/AncientTreasures/Textures/Unique/TX_Bangle_01a_RMA.uexp" 2092
"C:/UE5/Unreal Projects/TheLostPirate/Content/AncientTreasures/Textures/Unique/TX_Bangle_01a_ALB.ubulk" 2093
"C:/UE5/Unreal Projects/TheLostPirate/Content/AncientTreasures/Textures/Unique/TX_Bangle_01a_ALB.uasset" 2094
"C:/UE5/Unreal Projects/TheLostPirate/Content/AncientTreasures/Textures/Unique/TX_Bangle_01a_ALB.uexp" 2095
"C:/UE5/Unreal Projects/TheLostPirate/Content/AncientTreasures/Textures/Unique/TX_Bangle_01a_NRM.ubulk" 2096
"C:/UE5/Unreal Projects/TheLostPirate/Content/AncientTreasures/Textures/Unique/TX_Bangle_01a_NRM.uasset" 2097
"C:/UE5/Unreal Projects/TheLostPirate/Content/AncientTreasures/Textures/Unique/TX_Bangle_01a_NRM.uexp" 2098
"C:/UE5/Unreal Projects/TheLostPirate/Content/AncientTreasures/Materials/Instances/MI_Bangle_01a.uasset" 2099
"C:/UE5/Unreal Projects/TheLostPirate/Content/AncientTreasures/Materials/Instances/MI_Bangle_01a.uexp" 2100
"C:/UE5/Unreal Projects/TheLostPirate/Content/AncientTreasures/Meshes/SM_Bangle_02i.ubulk" 2101
"C:/UE5/Unreal Projects/TheLostPirate/Content/AncientTreasures/Meshes/SM_Bangle_02i.uasset" 2102
"C:/UE5/Unreal Projects/TheLostPirate/Content/AncientTreasures/Meshes/SM_Bangle_02i.uexp" 2103
"C:/UE5/Unreal Projects/TheLostPirate/Content/SoundTrackTheme/AdrenalinicsTheme.ubulk" 2104
"C:/UE5/Unreal Projects/TheLostPirate/Content/SoundTrackTheme/AdrenalinicsTheme.uasset" 2105
"C:/UE5/Unreal Projects/TheLostPirate/Content/SoundTrackTheme/AdrenalinicsTheme.uexp" 2106
"C:/UE5/Unreal Projects/TheLostPirate/Content/BluePrints/BP_PlayerHUD.uasset" 2107
"C:/UE5/Unreal Projects/TheLostPirate/Content/BluePrints/BP_PlayerHUD.uexp" 2108
"C:/UE5/Unreal Projects/TheLostPirate/Content/AncientTreasures/Meshes/SM_ChestCoins_01a.ubulk" 2109
"C:/UE5/Unreal Projects/TheLostPirate/Content/AncientTreasures/Meshes/SM_ChestCoins_01a.uasset" 2110
"C:/UE5/Unreal Projects/TheLostPirate/Content/AncientTreasures/Meshes/SM_ChestCoins_01a.uexp" 2111
"C:/UE5/Unreal Projects/TheLostPirate/Content/AncientTreasures/Textures/Unique/TX_Necklace_01a_RMA.ubulk" 2112
"C:/UE5/Unreal Projects/TheLostPirate/Content/AncientTreasures/Textures/Unique/TX_Necklace_01a_RMA.uasset" 2113
"C:/UE5/Unreal Projects/TheLostPirate/Content/AncientTreasures/Textures/Unique/TX_Necklace_01a_RMA.uexp" 2114
"C:/UE5/Unreal Projects/TheLostPirate/Content/AncientTreasures/Textures/Unique/TX_Necklace_01a_ALB.ubulk" 2115
"C:/UE5/Unreal Projects/TheLostPirate/Content/AncientTreasures/Textures/Unique/TX_Necklace_01a_ALB.uasset" 2116
"C:/UE5/Unreal Projects/TheLostPirate/Content/AncientTreasures/Textures/Unique/TX_Necklace_01a_ALB.uexp" 2117
"C:/UE5/Unreal Projects/TheLostPirate/Content/AncientTreasures/Textures/Unique/TX_Necklace_01a_NRM.ubulk" 2118
"C:/UE5/Unreal Projects/TheLostPirate/Content/AncientTreasures/Textures/Unique/TX_Necklace_01a_NRM.uasset" 2119
"C:/UE5/Unreal Projects/TheLostPirate/Content/AncientTreasures/Textures/Unique/TX_Necklace_01a_NRM.uexp" 2120
"C:/UE5/Unreal Projects/TheLostPirate/Content/AncientTreasures/Materials/Instances/MI_Necklace_01a.uasset" 2121
"C:/UE5/Unreal Projects/TheLostPirate/Content/AncientTreasures/Materials/Instances/MI_Necklace_01a.uexp" 2122
"C:/UE5/Unreal Projects/TheLostPirate/Content/AncientTreasures/Meshes/SM_Necklace_01a.ubulk" 2123
"C:/UE5/Unreal Projects/TheLostPirate/Content/AncientTreasures/Meshes/SM_Necklace_01a.uasset" 2124
"C:/UE5/Unreal Projects/TheLostPirate/Content/AncientTreasures/Meshes/SM_Necklace_01a.uexp" 2125
"C:/UE5/Unreal Projects/TheLostPirate/Content/AncientTreasures/Meshes/SM_Bangle_02f.ubulk" 2126
"C:/UE5/Unreal Projects/TheLostPirate/Content/AncientTreasures/Meshes/SM_Bangle_02f.uasset" 2127
"C:/UE5/Unreal Projects/TheLostPirate/Content/AncientTreasures/Meshes/SM_Bangle_02f.uexp" 2128
"C:/UE5/Unreal Projects/TheLostPirate/Content/AncientTreasures/Meshes/SM_Bangle_02c.ubulk" 2129
"C:/UE5/Unreal Projects/TheLostPirate/Content/AncientTreasures/Meshes/SM_Bangle_02c.uasset" 2130
"C:/UE5/Unreal Projects/TheLostPirate/Content/AncientTreasures/Meshes/SM_Bangle_02c.uexp" 2131
"C:/UE5/Unreal Projects/TheLostPirate/Content/AncientTreasures/Meshes/SM_Gems_01a.ubulk" 2132
"C:/UE5/Unreal Projects/TheLostPirate/Content/AncientTreasures/Meshes/SM_Gems_01a.uasset" 2133
"C:/UE5/Unreal Projects/TheLostPirate/Content/AncientTreasures/Meshes/SM_Gems_01a.uexp" 2134
"C:/UE5/Unreal Projects/TheLostPirate/Content/AncientTreasures/Meshes/SM_Bangle_01j.ubulk" 2135
"C:/UE5/Unreal Projects/TheLostPirate/Content/AncientTreasures/Meshes/SM_Bangle_01j.uasset" 2136
"C:/UE5/Unreal Projects/TheLostPirate/Content/AncientTreasures/Meshes/SM_Bangle_01j.uexp" 2137
"C:/UE5/Unreal Projects/TheLostPirate/Content/AncientTreasures/Textures/Unique/TX_OrnateChest_01b_RMA.ubulk" 2138
"C:/UE5/Unreal Projects/TheLostPirate/Content/AncientTreasures/Textures/Unique/TX_OrnateChest_01b_RMA.uasset" 2139
"C:/UE5/Unreal Projects/TheLostPirate/Content/AncientTreasures/Textures/Unique/TX_OrnateChest_01b_RMA.uexp" 2140
"C:/UE5/Unreal Projects/TheLostPirate/Content/AncientTreasures/Textures/Unique/TX_OrnateChest_01b_NRM.ubulk" 2141
"C:/UE5/Unreal Projects/TheLostPirate/Content/AncientTreasures/Textures/Unique/TX_OrnateChest_01b_NRM.uasset" 2142
"C:/UE5/Unreal Projects/TheLostPirate/Content/AncientTreasures/Textures/Unique/TX_OrnateChest_01b_NRM.uexp" 2143
"C:/UE5/Unreal Projects/TheLostPirate/Content/AncientTreasures/Textures/Unique/TX_OrnateChest_01b_ALB.ubulk" 2144
"C:/UE5/Unreal Projects/TheLostPirate/Content/AncientTreasures/Textures/Unique/TX_OrnateChest_01b_ALB.uasset" 2145
"C:/UE5/Unreal Projects/TheLostPirate/Content/AncientTreasures/Textures/Unique/TX_OrnateChest_01b_ALB.uexp" 2146
"C:/UE5/Unreal Projects/TheLostPirate/Content/AncientTreasures/Materials/Instances/MI_OrnateChest_01b.uasset" 2147
"C:/UE5/Unreal Projects/TheLostPirate/Content/AncientTreasures/Materials/Instances/MI_OrnateChest_01b.uexp" 2148
"C:/UE5/Unreal Projects/TheLostPirate/Content/AncientTreasures/Meshes/SM_Chest_01a.ubulk" 2149
"C:/UE5/Unreal Projects/TheLostPirate/Content/AncientTreasures/Meshes/SM_Chest_01a.uasset" 2150
"C:/UE5/Unreal Projects/TheLostPirate/Content/AncientTreasures/Meshes/SM_Chest_01a.uexp" 2151
"C:/UE5/Unreal Projects/TheLostPirate/Content/AncientTreasures/Meshes/SM_ClayPot_03a.ubulk" 2152
"C:/UE5/Unreal Projects/TheLostPirate/Content/AncientTreasures/Meshes/SM_ClayPot_03a.uasset" 2153
"C:/UE5/Unreal Projects/TheLostPirate/Content/AncientTreasures/Meshes/SM_ClayPot_03a.uexp" 2154
"C:/UE5/Unreal Projects/TheLostPirate/Content/AncientTreasures/Meshes/SM_Bangle_02e.ubulk" 2155
"C:/UE5/Unreal Projects/TheLostPirate/Content/AncientTreasures/Meshes/SM_Bangle_02e.uasset" 2156
"C:/UE5/Unreal Projects/TheLostPirate/Content/AncientTreasures/Meshes/SM_Bangle_02e.uexp" 2157
"C:/UE5/Unreal Projects/TheLostPirate/Content/AncientTreasures/Textures/Unique/TX_Ring_01a_RMA.ubulk" 2158
"C:/UE5/Unreal Projects/TheLostPirate/Content/AncientTreasures/Textures/Unique/TX_Ring_01a_RMA.uasset" 2159
"C:/UE5/Unreal Projects/TheLostPirate/Content/AncientTreasures/Textures/Unique/TX_Ring_01a_RMA.uexp" 2160
"C:/UE5/Unreal Projects/TheLostPirate/Content/AncientTreasures/Textures/Unique/TX_Ring_01a_ALB.ubulk" 2161
"C:/UE5/Unreal Projects/TheLostPirate/Content/AncientTreasures/Textures/Unique/TX_Ring_01a_ALB.uasset" 2162
"C:/UE5/Unreal Projects/TheLostPirate/Content/AncientTreasures/Textures/Unique/TX_Ring_01a_ALB.uexp" 2163
"C:/UE5/Unreal Projects/TheLostPirate/Content/AncientTreasures/Textures/Unique/TX_Ring_01a_NRM.ubulk" 2164
"C:/UE5/Unreal Projects/TheLostPirate/Content/AncientTreasures/Textures/Unique/TX_Ring_01a_NRM.uasset" 2165
"C:/UE5/Unreal Projects/TheLostPirate/Content/AncientTreasures/Textures/Unique/TX_Ring_01a_NRM.uexp" 2166
"C:/UE5/Unreal Projects/TheLostPirate/Content/AncientTreasures/Materials/Instances/MI_Ring_01a.uasset" 2167
"C:/UE5/Unreal Projects/TheLostPirate/Content/AncientTreasures/Materials/Instances/MI_Ring_01a.uexp" 2168
"C:/UE5/Unreal Projects/TheLostPirate/Content/AncientTreasures/Meshes/SM_Ring_01a.ubulk" 2169
"C:/UE5/Unreal Projects/TheLostPirate/Content/AncientTreasures/Meshes/SM_Ring_01a.uasset" 2170
"C:/UE5/Unreal Projects/TheLostPirate/Content/AncientTreasures/Meshes/SM_Ring_01a.uexp" 2171
"C:/UE5/Unreal Projects/TheLostPirate/Content/AncientTreasures/Textures/Unique/TX_Band_01a_RMA.ubulk" 2172
"C:/UE5/Unreal Projects/TheLostPirate/Content/AncientTreasures/Textures/Unique/TX_Band_01a_RMA.uasset" 2173
"C:/UE5/Unreal Projects/TheLostPirate/Content/AncientTreasures/Textures/Unique/TX_Band_01a_RMA.uexp" 2174
"C:/UE5/Unreal Projects/TheLostPirate/Content/AncientTreasures/Textures/Unique/TX_Band_01a_ALB.ubulk" 2175
"C:/UE5/Unreal Projects/TheLostPirate/Content/AncientTreasures/Textures/Unique/TX_Band_01a_ALB.uasset" 2176
"C:/UE5/Unreal Projects/TheLostPirate/Content/AncientTreasures/Textures/Unique/TX_Band_01a_ALB.uexp" 2177
"C:/UE5/Unreal Projects/TheLostPirate/Content/AncientTreasures/Textures/Unique/TX_Band_01a_NRM.ubulk" 2178
"C:/UE5/Unreal Projects/TheLostPirate/Content/AncientTreasures/Textures/Unique/TX_Band_01a_NRM.uasset" 2179
"C:/UE5/Unreal Projects/TheLostPirate/Content/AncientTreasures/Textures/Unique/TX_Band_01a_NRM.uexp" 2180
"C:/UE5/Unreal Projects/TheLostPirate/Content/AncientTreasures/Materials/Instances/MI_Band_01a.uasset" 2181
"C:/UE5/Unreal Projects/TheLostPirate/Content/AncientTreasures/Materials/Instances/MI_Band_01a.uexp" 2182
"C:/UE5/Unreal Projects/TheLostPirate/Content/AncientTreasures/Meshes/SM_Band_01a.ubulk" 2183
"C:/UE5/Unreal Projects/TheLostPirate/Content/AncientTreasures/Meshes/SM_Band_01a.uasset" 2184
"C:/UE5/Unreal Projects/TheLostPirate/Content/AncientTreasures/Meshes/SM_Band_01a.uexp" 2185
"C:/UE5/Unreal Projects/TheLostPirate/Content/AncientTreasures/Meshes/SM_Bangle_02b.ubulk" 2186
"C:/UE5/Unreal Projects/TheLostPirate/Content/AncientTreasures/Meshes/SM_Bangle_02b.uasset" 2187
"C:/UE5/Unreal Projects/TheLostPirate/Content/AncientTreasures/Meshes/SM_Bangle_02b.uexp" 2188
"C:/UE5/Unreal Projects/TheLostPirate/Content/AncientTreasures/Meshes/SM_Dagger_01b.ubulk" 2189
"C:/UE5/Unreal Projects/TheLostPirate/Content/AncientTreasures/Meshes/SM_Dagger_01b.uasset" 2190
"C:/UE5/Unreal Projects/TheLostPirate/Content/AncientTreasures/Meshes/SM_Dagger_01b.uexp" 2191
"C:/UE5/Unreal Projects/TheLostPirate/Content/AncientTreasures/Textures/Unique/TX_Urn_04a_ALB.ubulk" 2192
"C:/UE5/Unreal Projects/TheLostPirate/Content/AncientTreasures/Textures/Unique/TX_Urn_04a_ALB.uasset" 2193
"C:/UE5/Unreal Projects/TheLostPirate/Content/AncientTreasures/Textures/Unique/TX_Urn_04a_ALB.uexp" 2194
"C:/UE5/Unreal Projects/TheLostPirate/Content/AncientTreasures/Textures/Unique/TX_Urn_04a_RMA.ubulk" 2195
"C:/UE5/Unreal Projects/TheLostPirate/Content/AncientTreasures/Textures/Unique/TX_Urn_04a_RMA.uasset" 2196
"C:/UE5/Unreal Projects/TheLostPirate/Content/AncientTreasures/Textures/Unique/TX_Urn_04a_RMA.uexp" 2197
"C:/UE5/Unreal Projects/TheLostPirate/Content/AncientTreasures/Textures/Unique/TX_Urn_04a_NRM.ubulk" 2198
"C:/UE5/Unreal Projects/TheLostPirate/Content/AncientTreasures/Textures/Unique/TX_Urn_04a_NRM.uasset" 2199
"C:/UE5/Unreal Projects/TheLostPirate/Content/AncientTreasures/Textures/Unique/TX_Urn_04a_NRM.uexp" 2200
"C:/UE5/Unreal Projects/TheLostPirate/Content/AncientTreasures/Materials/Instances/MI_Urn_04a.uasset" 2201
"C:/UE5/Unreal Projects/TheLostPirate/Content/AncientTreasures/Materials/Instances/MI_Urn_04a.uexp" 2202
"C:/UE5/Unreal Projects/TheLostPirate/Content/AncientTreasures/Meshes/SM_Urn_04a.ubulk" 2203
"C:/UE5/Unreal Projects/TheLostPirate/Content/AncientTreasures/Meshes/SM_Urn_04a.uasset" 2204
"C:/UE5/Unreal Projects/TheLostPirate/Content/AncientTreasures/Meshes/SM_Urn_04a.uexp" 2205
"C:/UE5/Unreal Projects/TheLostPirate/Content/AncientTreasures/Textures/Unique/TX_Crown_01a_RMA.ubulk" 2206
"C:/UE5/Unreal Projects/TheLostPirate/Content/AncientTreasures/Textures/Unique/TX_Crown_01a_RMA.uasset" 2207
"C:/UE5/Unreal Projects/TheLostPirate/Content/AncientTreasures/Textures/Unique/TX_Crown_01a_RMA.uexp" 2208
"C:/UE5/Unreal Projects/TheLostPirate/Content/AncientTreasures/Textures/Unique/TX_Crown_01a_NRM.ubulk" 2209
"C:/UE5/Unreal Projects/TheLostPirate/Content/AncientTreasures/Textures/Unique/TX_Crown_01a_NRM.uasset" 2210
"C:/UE5/Unreal Projects/TheLostPirate/Content/AncientTreasures/Textures/Unique/TX_Crown_01a_NRM.uexp" 2211
"C:/UE5/Unreal Projects/TheLostPirate/Content/AncientTreasures/Textures/Unique/TX_Crown_01a_ALB.ubulk" 2212
"C:/UE5/Unreal Projects/TheLostPirate/Content/AncientTreasures/Textures/Unique/TX_Crown_01a_ALB.uasset" 2213
"C:/UE5/Unreal Projects/TheLostPirate/Content/AncientTreasures/Textures/Unique/TX_Crown_01a_ALB.uexp" 2214
"C:/UE5/Unreal Projects/TheLostPirate/Content/AncientTreasures/Materials/Instances/MI_Crown_01a.uasset" 2215
"C:/UE5/Unreal Projects/TheLostPirate/Content/AncientTreasures/Materials/Instances/MI_Crown_01a.uexp" 2216
"C:/UE5/Unreal Projects/TheLostPirate/Content/AncientTreasures/Meshes/SM_Crown_01a.ubulk" 2217
"C:/UE5/Unreal Projects/TheLostPirate/Content/AncientTreasures/Meshes/SM_Crown_01a.uasset" 2218
"C:/UE5/Unreal Projects/TheLostPirate/Content/AncientTreasures/Meshes/SM_Crown_01a.uexp" 2219
"C:/UE5/Unreal Projects/TheLostPirate/Content/AncientTreasures/Meshes/SM_Bangle_02d.ubulk" 2220
"C:/UE5/Unreal Projects/TheLostPirate/Content/AncientTreasures/Meshes/SM_Bangle_02d.uasset" 2221
"C:/UE5/Unreal Projects/TheLostPirate/Content/AncientTreasures/Meshes/SM_Bangle_02d.uexp" 2222
"C:/UE5/Unreal Projects/TheLostPirate/Content/AncientTreasures/Meshes/SM_Gems_01d.ubulk" 2223
"C:/UE5/Unreal Projects/TheLostPirate/Content/AncientTreasures/Meshes/SM_Gems_01d.uasset" 2224
"C:/UE5/Unreal Projects/TheLostPirate/Content/AncientTreasures/Meshes/SM_Gems_01d.uexp" 2225
"C:/UE5/Unreal Projects/TheLostPirate/Content/AncientTreasures/Meshes/SM_Bangle_01c.ubulk" 2226
"C:/UE5/Unreal Projects/TheLostPirate/Content/AncientTreasures/Meshes/SM_Bangle_01c.uasset" 2227
"C:/UE5/Unreal Projects/TheLostPirate/Content/AncientTreasures/Meshes/SM_Bangle_01c.uexp" 2228
"C:/UE5/Unreal Projects/TheLostPirate/Content/AncientTreasures/Meshes/SM_Bangle_02h.ubulk" 2229
"C:/UE5/Unreal Projects/TheLostPirate/Content/AncientTreasures/Meshes/SM_Bangle_02h.uasset" 2230
"C:/UE5/Unreal Projects/TheLostPirate/Content/AncientTreasures/Meshes/SM_Bangle_02h.uexp" 2231
"C:/UE5/Unreal Projects/TheLostPirate/Content/AncientTreasures/Meshes/SM_ClayPot_03d.ubulk" 2232
"C:/UE5/Unreal Projects/TheLostPirate/Content/AncientTreasures/Meshes/SM_ClayPot_03d.uasset" 2233
"C:/UE5/Unreal Projects/TheLostPirate/Content/AncientTreasures/Meshes/SM_ClayPot_03d.uexp" 2234
"C:/UE5/Unreal Projects/TheLostPirate/Content/AncientTreasures/Meshes/SM_Coin_Pile_01g.ubulk" 2235
"C:/UE5/Unreal Projects/TheLostPirate/Content/AncientTreasures/Meshes/SM_Coin_Pile_01g.uasset" 2236
"C:/UE5/Unreal Projects/TheLostPirate/Content/AncientTreasures/Meshes/SM_Coin_Pile_01g.uexp" 2237
"C:/UE5/Unreal Projects/TheLostPirate/Content/AncientTreasures/Textures/Unique/TX_Pearls_01a_RMA.ubulk" 2238
"C:/UE5/Unreal Projects/TheLostPirate/Content/AncientTreasures/Textures/Unique/TX_Pearls_01a_RMA.uasset" 2239
"C:/UE5/Unreal Projects/TheLostPirate/Content/AncientTreasures/Textures/Unique/TX_Pearls_01a_RMA.uexp" 2240
"C:/UE5/Unreal Projects/TheLostPirate/Content/AncientTreasures/Textures/Unique/TX_Pearls_01a_ALB.ubulk" 2241
"C:/UE5/Unreal Projects/TheLostPirate/Content/AncientTreasures/Textures/Unique/TX_Pearls_01a_ALB.uasset" 2242
"C:/UE5/Unreal Projects/TheLostPirate/Content/AncientTreasures/Textures/Unique/TX_Pearls_01a_ALB.uexp" 2243
"C:/UE5/Unreal Projects/TheLostPirate/Content/AncientTreasures/Textures/Unique/TX_Pearls_01a_NRM.ubulk" 2244
"C:/UE5/Unreal Projects/TheLostPirate/Content/AncientTreasures/Textures/Unique/TX_Pearls_01a_NRM.uasset" 2245
"C:/UE5/Unreal Projects/TheLostPirate/Content/AncientTreasures/Textures/Unique/TX_Pearls_01a_NRM.uexp" 2246
"C:/UE5/Unreal Projects/TheLostPirate/Content/AncientTreasures/Materials/Instances/MI_Pearls_01a.uasset" 2247
"C:/UE5/Unreal Projects/TheLostPirate/Content/AncientTreasures/Materials/Instances/MI_Pearls_01a.uexp" 2248
"C:/UE5/Unreal Projects/TheLostPirate/Content/AncientTreasures/Meshes/SM_Pearls_01c.ubulk" 2249
"C:/UE5/Unreal Projects/TheLostPirate/Content/AncientTreasures/Meshes/SM_Pearls_01c.uasset" 2250
"C:/UE5/Unreal Projects/TheLostPirate/Content/AncientTreasures/Meshes/SM_Pearls_01c.uexp" 2251
"C:/UE5/Unreal Projects/TheLostPirate/Content/City_of_Brass_Props/Meshes/Catacomb_HangingBrazier.ubulk" 2252
"C:/UE5/Unreal Projects/TheLostPirate/Content/City_of_Brass_Props/Meshes/Catacomb_HangingBrazier.uasset" 2253
"C:/UE5/Unreal Projects/TheLostPirate/Content/City_of_Brass_Props/Meshes/Catacomb_HangingBrazier.uexp" 2254
"C:/UE5/Unreal Projects/TheLostPirate/Content/StarterContent/Textures/T_Fire_Tiled_D.ubulk" 2255
"C:/UE5/Unreal Projects/TheLostPirate/Content/StarterContent/Textures/T_Fire_Tiled_D.uasset" 2256
"C:/UE5/Unreal Projects/TheLostPirate/Content/StarterContent/Textures/T_Fire_Tiled_D.uexp" 2257
"C:/UE5/Unreal Projects/TheLostPirate/Content/StarterContent/Textures/T_Fire_SubUV.ubulk" 2258
"C:/UE5/Unreal Projects/TheLostPirate/Content/StarterContent/Textures/T_Fire_SubUV.uasset" 2259
"C:/UE5/Unreal Projects/TheLostPirate/Content/StarterContent/Textures/T_Fire_SubUV.uexp" 2260
"C:/UE5/Unreal Projects/TheLostPirate/Content/StarterContent/Particles/Materials/M_Fire_SubUV.uasset" 2261
"C:/UE5/Unreal Projects/TheLostPirate/Content/StarterContent/Particles/Materials/M_Fire_SubUV.uexp" 2262
"C:/UE5/Unreal Projects/TheLostPirate/Content/StarterContent/Textures/T_Water_N.ubulk" 2263
"C:/UE5/Unreal Projects/TheLostPirate/Content/StarterContent/Textures/T_Water_N.uasset" 2264
"C:/UE5/Unreal Projects/TheLostPirate/Content/StarterContent/Textures/T_Water_N.uexp" 2265
"C:/UE5/Unreal Projects/TheLostPirate/Content/StarterContent/Particles/Materials/M_Heat_Distortion.uasset" 2266
"C:/UE5/Unreal Projects/TheLostPirate/Content/StarterContent/Particles/Materials/M_Heat_Distortion.uexp" 2267
"C:/UE5/Unreal Projects/TheLostPirate/Content/StarterContent/Particles/Materials/M_Radial_Gradient.uasset" 2268
"C:/UE5/Unreal Projects/TheLostPirate/Content/StarterContent/Particles/Materials/M_Radial_Gradient.uexp" 2269
"C:/UE5/Unreal Projects/TheLostPirate/Content/StarterContent/Particles/P_Fire.uasset" 2270
"C:/UE5/Unreal Projects/TheLostPirate/Content/StarterContent/Particles/P_Fire.uexp" 2271
"C:/UE5/Unreal Projects/TheLostPirate/Content/City_of_Brass_Props/Blueprints/BP_Lustre.uasset" 2272
"C:/UE5/Unreal Projects/TheLostPirate/Content/City_of_Brass_Props/Blueprints/BP_Lustre.uexp" 2273
"C:/UE5/Unreal Projects/TheLostPirate/Content/AncientTreasures/Textures/Unique/TX_Chest_02a_RMA.ubulk" 2274
"C:/UE5/Unreal Projects/TheLostPirate/Content/AncientTreasures/Textures/Unique/TX_Chest_02a_RMA.uasset" 2275
"C:/UE5/Unreal Projects/TheLostPirate/Content/AncientTreasures/Textures/Unique/TX_Chest_02a_RMA.uexp" 2276
"C:/UE5/Unreal Projects/TheLostPirate/Content/AncientTreasures/Textures/Unique/TX_Chest_02a_ALB.ubulk" 2277
"C:/UE5/Unreal Projects/TheLostPirate/Content/AncientTreasures/Textures/Unique/TX_Chest_02a_ALB.uasset" 2278
"C:/UE5/Unreal Projects/TheLostPirate/Content/AncientTreasures/Textures/Unique/TX_Chest_02a_ALB.uexp" 2279
"C:/UE5/Unreal Projects/TheLostPirate/Content/AncientTreasures/Textures/Unique/TX_Chest_02a_NRM.ubulk" 2280
"C:/UE5/Unreal Projects/TheLostPirate/Content/AncientTreasures/Textures/Unique/TX_Chest_02a_NRM.uasset" 2281
"C:/UE5/Unreal Projects/TheLostPirate/Content/AncientTreasures/Textures/Unique/TX_Chest_02a_NRM.uexp" 2282
"C:/UE5/Unreal Projects/TheLostPirate/Content/AncientTreasures/Materials/Instances/MI_Chest_02a.uasset" 2283
"C:/UE5/Unreal Projects/TheLostPirate/Content/AncientTreasures/Materials/Instances/MI_Chest_02a.uexp" 2284
"C:/UE5/Unreal Projects/TheLostPirate/Content/AncientTreasures/Meshes/SM_Chest_02d.ubulk" 2285
"C:/UE5/Unreal Projects/TheLostPirate/Content/AncientTreasures/Meshes/SM_Chest_02d.uasset" 2286
"C:/UE5/Unreal Projects/TheLostPirate/Content/AncientTreasures/Meshes/SM_Chest_02d.uexp" 2287
"C:/UE5/Unreal Projects/TheLostPirate/Content/SoundTrackTheme/DefaultTheme.ubulk" 2288
"C:/UE5/Unreal Projects/TheLostPirate/Content/SoundTrackTheme/DefaultTheme.uasset" 2289
"C:/UE5/Unreal Projects/TheLostPirate/Content/SoundTrackTheme/DefaultTheme.uexp" 2290
"C:/UE5/Unreal Projects/TheLostPirate/Content/SecretWin/teste.uasset" 2291
"C:/UE5/Unreal Projects/TheLostPirate/Content/SecretWin/teste.uexp" 2292
"C:/UE5/Unreal Projects/TheLostPirate/Content/SecretWin/teste_Mat.uasset" 2293
"C:/UE5/Unreal Projects/TheLostPirate/Content/SecretWin/teste_Mat.uexp" 2294
"C:/UE5/Unreal Projects/TheLostPirate/Content/AdvancedLocomotionV4/Levels/ALS_DemoLevel_BuiltData.ubulk" 2295
"C:/UE5/Unreal Projects/TheLostPirate/Content/AdvancedLocomotionV4/Levels/ALS_DemoLevel_BuiltData.uasset" 2296
"C:/UE5/Unreal Projects/TheLostPirate/Content/AdvancedLocomotionV4/Levels/ALS_DemoLevel_BuiltData.uexp" 2297
"C:/UE5/Unreal Projects/TheLostPirate/Content/AncientTreasures/Meshes/SM_Coin_Pile_01f.ubulk" 2298
"C:/UE5/Unreal Projects/TheLostPirate/Content/AncientTreasures/Meshes/SM_Coin_Pile_01f.uasset" 2299
"C:/UE5/Unreal Projects/TheLostPirate/Content/AncientTreasures/Meshes/SM_Coin_Pile_01f.uexp" 2300
"C:/UE5/Unreal Projects/TheLostPirate/Content/AncientTreasures/Textures/Unique/TX_Chalice_02b_ALB.ubulk" 2301
"C:/UE5/Unreal Projects/TheLostPirate/Content/AncientTreasures/Textures/Unique/TX_Chalice_02b_ALB.uasset" 2302
"C:/UE5/Unreal Projects/TheLostPirate/Content/AncientTreasures/Textures/Unique/TX_Chalice_02b_ALB.uexp" 2303
"C:/UE5/Unreal Projects/TheLostPirate/Content/AncientTreasures/Textures/Unique/TX_Chalice_02a_NRM.ubulk" 2304
"C:/UE5/Unreal Projects/TheLostPirate/Content/AncientTreasures/Textures/Unique/TX_Chalice_02a_NRM.uasset" 2305
"C:/UE5/Unreal Projects/TheLostPirate/Content/AncientTreasures/Textures/Unique/TX_Chalice_02a_NRM.uexp" 2306
"C:/UE5/Unreal Projects/TheLostPirate/Content/AncientTreasures/Textures/Unique/TX_Chalice_02b_RMA.ubulk" 2307
"C:/UE5/Unreal Projects/TheLostPirate/Content/AncientTreasures/Textures/Unique/TX_Chalice_02b_RMA.uasset" 2308
"C:/UE5/Unreal Projects/TheLostPirate/Content/AncientTreasures/Textures/Unique/TX_Chalice_02b_RMA.uexp" 2309
"C:/UE5/Unreal Projects/TheLostPirate/Content/AncientTreasures/Materials/Instances/MI_Chalice_02b.uasset" 2310
"C:/UE5/Unreal Projects/TheLostPirate/Content/AncientTreasures/Materials/Instances/MI_Chalice_02b.uexp" 2311
"C:/UE5/Unreal Projects/TheLostPirate/Content/AncientTreasures/Meshes/SM_Chalice_02b.ubulk" 2312
"C:/UE5/Unreal Projects/TheLostPirate/Content/AncientTreasures/Meshes/SM_Chalice_02b.uasset" 2313
"C:/UE5/Unreal Projects/TheLostPirate/Content/AncientTreasures/Meshes/SM_Chalice_02b.uexp" 2314
"C:/UE5/Unreal Projects/TheLostPirate/Content/AncientTreasures/Meshes/SM_OrnateChest_02b.ubulk" 2315
"C:/UE5/Unreal Projects/TheLostPirate/Content/AncientTreasures/Meshes/SM_OrnateChest_02b.uasset" 2316
"C:/UE5/Unreal Projects/TheLostPirate/Content/AncientTreasures/Meshes/SM_OrnateChest_02b.uexp" 2317
"C:/UE5/Unreal Projects/TheLostPirate/Content/AncientTreasures/Meshes/SM_Gems_01b.ubulk" 2318
"C:/UE5/Unreal Projects/TheLostPirate/Content/AncientTreasures/Meshes/SM_Gems_01b.uasset" 2319
"C:/UE5/Unreal Projects/TheLostPirate/Content/AncientTreasures/Meshes/SM_Gems_01b.uexp" 2320
"C:/UE5/Unreal Projects/TheLostPirate/Content/AncientTreasures/Meshes/SM_Coin_Pile_01c.ubulk" 2321
"C:/UE5/Unreal Projects/TheLostPirate/Content/AncientTreasures/Meshes/SM_Coin_Pile_01c.uasset" 2322
"C:/UE5/Unreal Projects/TheLostPirate/Content/AncientTreasures/Meshes/SM_Coin_Pile_01c.uexp" 2323
"C:/UE5/Unreal Projects/TheLostPirate/Content/Materials/M_Spine.uasset" 2324
"C:/UE5/Unreal Projects/TheLostPirate/Content/Materials/M_Spine.uexp" 2325
"C:/UE5/Unreal Projects/TheLostPirate/Content/StarterContent/Materials/M_Basic_Wall.uasset" 2326
"C:/UE5/Unreal Projects/TheLostPirate/Content/StarterContent/Materials/M_Basic_Wall.uexp" 2327
"C:/UE5/Unreal Projects/TheLostPirate/Content/StarterContent/Shapes/Shape_Cone.ubulk" 2328
"C:/UE5/Unreal Projects/TheLostPirate/Content/StarterContent/Shapes/Shape_Cone.uasset" 2329
"C:/UE5/Unreal Projects/TheLostPirate/Content/StarterContent/Shapes/Shape_Cone.uexp" 2330
"C:/UE5/Unreal Projects/TheLostPirate/Content/BluePrints/BP_Spine.uasset" 2331
"C:/UE5/Unreal Projects/TheLostPirate/Content/BluePrints/BP_Spine.uexp" 2332
"C:/UE5/Unreal Projects/TheLostPirate/Content/AncientTreasures/Meshes/SM_Pearls_01b.ubulk" 2333
"C:/UE5/Unreal Projects/TheLostPirate/Content/AncientTreasures/Meshes/SM_Pearls_01b.uasset" 2334
"C:/UE5/Unreal Projects/TheLostPirate/Content/AncientTreasures/Meshes/SM_Pearls_01b.uexp" 2335
"C:/UE5/Unreal Projects/TheLostPirate/Content/AncientTreasures/Meshes/SM_Bangle_02j.ubulk" 2336
"C:/UE5/Unreal Projects/TheLostPirate/Content/AncientTreasures/Meshes/SM_Bangle_02j.uasset" 2337
"C:/UE5/Unreal Projects/TheLostPirate/Content/AncientTreasures/Meshes/SM_Bangle_02j.uexp" 2338
"C:/UE5/Unreal Projects/TheLostPirate/Content/AncientTreasures/Textures/Unique/TX_ClayPot_02a_RMA.ubulk" 2339
"C:/UE5/Unreal Projects/TheLostPirate/Content/AncientTreasures/Textures/Unique/TX_ClayPot_02a_RMA.uasset" 2340
"C:/UE5/Unreal Projects/TheLostPirate/Content/AncientTreasures/Textures/Unique/TX_ClayPot_02a_RMA.uexp" 2341
"C:/UE5/Unreal Projects/TheLostPirate/Content/AncientTreasures/Textures/Unique/TX_ClayPot_02a_ALB.ubulk" 2342
"C:/UE5/Unreal Projects/TheLostPirate/Content/AncientTreasures/Textures/Unique/TX_ClayPot_02a_ALB.uasset" 2343
"C:/UE5/Unreal Projects/TheLostPirate/Content/AncientTreasures/Textures/Unique/TX_ClayPot_02a_ALB.uexp" 2344
"C:/UE5/Unreal Projects/TheLostPirate/Content/AncientTreasures/Textures/Unique/TX_ClayPot_02a_NRM.ubulk" 2345
"C:/UE5/Unreal Projects/TheLostPirate/Content/AncientTreasures/Textures/Unique/TX_ClayPot_02a_NRM.uasset" 2346
"C:/UE5/Unreal Projects/TheLostPirate/Content/AncientTreasures/Textures/Unique/TX_ClayPot_02a_NRM.uexp" 2347
"C:/UE5/Unreal Projects/TheLostPirate/Content/AncientTreasures/Materials/Instances/MI_ClayPot_02a.uasset" 2348
"C:/UE5/Unreal Projects/TheLostPirate/Content/AncientTreasures/Materials/Instances/MI_ClayPot_02a.uexp" 2349
"C:/UE5/Unreal Projects/TheLostPirate/Content/AncientTreasures/Meshes/SM_ClayPot_02.ubulk" 2350
"C:/UE5/Unreal Projects/TheLostPirate/Content/AncientTreasures/Meshes/SM_ClayPot_02.uasset" 2351
"C:/UE5/Unreal Projects/TheLostPirate/Content/AncientTreasures/Meshes/SM_ClayPot_02.uexp" 2352
"C:/UE5/Unreal Projects/TheLostPirate/Content/AncientTreasures/Meshes/SM_Bangle_01g.ubulk" 2353
"C:/UE5/Unreal Projects/TheLostPirate/Content/AncientTreasures/Meshes/SM_Bangle_01g.uasset" 2354
"C:/UE5/Unreal Projects/TheLostPirate/Content/AncientTreasures/Meshes/SM_Bangle_01g.uexp" 2355
"C:/UE5/Unreal Projects/TheLostPirate/Content/AncientTreasures/Meshes/SM_Coin_Pile_01d.ubulk" 2356
"C:/UE5/Unreal Projects/TheLostPirate/Content/AncientTreasures/Meshes/SM_Coin_Pile_01d.uasset" 2357
"C:/UE5/Unreal Projects/TheLostPirate/Content/AncientTreasures/Meshes/SM_Coin_Pile_01d.uexp" 2358
"C:/UE5/Unreal Projects/TheLostPirate/Content/AdvancedLocomotionV4/Blueprints/UI/OverlayStateButton.uasset" 2359
"C:/UE5/Unreal Projects/TheLostPirate/Content/AdvancedLocomotionV4/Blueprints/UI/OverlayStateButton.uexp" 2360
"C:/UE5/Unreal Projects/TheLostPirate/Content/AdvancedLocomotionV4/Blueprints/UI/OverlayStateButtonParams.uasset" 2361
"C:/UE5/Unreal Projects/TheLostPirate/Content/AdvancedLocomotionV4/Blueprints/UI/OverlayStateButtonParams.uexp" 2362
"C:/UE5/Unreal Projects/TheLostPirate/Content/AdvancedLocomotionV4/Blueprints/UI/OverlayStateSwitcher.uasset" 2363
"C:/UE5/Unreal Projects/TheLostPirate/Content/AdvancedLocomotionV4/Blueprints/UI/OverlayStateSwitcher.uexp" 2364
"C:/UE5/Unreal Projects/TheLostPirate/Content/AdvancedLocomotionV4/Blueprints/CameraSystem/Camera_Skeleton.uasset" 2365
"C:/UE5/Unreal Projects/TheLostPirate/Content/AdvancedLocomotionV4/Blueprints/CameraSystem/Camera_Skeleton.uexp" 2366
"C:/UE5/Unreal Projects/TheLostPirate/Content/AdvancedLocomotionV4/Data/Curves/CameraBlendCurves/CameraLerp_1.uasset" 2367
"C:/UE5/Unreal Projects/TheLostPirate/Content/AdvancedLocomotionV4/Data/Curves/CameraBlendCurves/CameraLerp_1.uexp" 2368
"C:/UE5/Unreal Projects/TheLostPirate/Content/AdvancedLocomotionV4/Data/Curves/CameraBlendCurves/CameraLerp_2.uasset" 2369
"C:/UE5/Unreal Projects/TheLostPirate/Content/AdvancedLocomotionV4/Data/Curves/CameraBlendCurves/CameraLerp_2.uexp" 2370
"C:/UE5/Unreal Projects/TheLostPirate/Content/AdvancedLocomotionV4/Blueprints/CameraSystem/ALS_PlayerCameraBehavior.uasset" 2371
"C:/UE5/Unreal Projects/TheLostPirate/Content/AdvancedLocomotionV4/Blueprints/CameraSystem/ALS_PlayerCameraBehavior.uexp" 2372
"../../../Engine/Content/BasicShapes/BasicShapeMaterial.uasset" 2373
"../../../Engine/Content/BasicShapes/BasicShapeMaterial.uexp" 2374
"C:/UE5/Unreal Projects/TheLostPirate/Content/AdvancedLocomotionV4/Blueprints/CameraSystem/Camera.uasset" 2375
"C:/UE5/Unreal Projects/TheLostPirate/Content/AdvancedLocomotionV4/Blueprints/CameraSystem/Camera.uexp" 2376
"C:/UE5/Unreal Projects/TheLostPirate/Content/AdvancedLocomotionV4/Blueprints/CameraSystem/ALS_PlayerCameraManager.uasset" 2377
"C:/UE5/Unreal Projects/TheLostPirate/Content/AdvancedLocomotionV4/Blueprints/CameraSystem/ALS_PlayerCameraManager.uexp" 2378
"C:/UE5/Unreal Projects/TheLostPirate/Content/AdvancedLocomotionV4/Blueprints/UI/Arrow.uasset" 2379
"C:/UE5/Unreal Projects/TheLostPirate/Content/AdvancedLocomotionV4/Blueprints/UI/Arrow.uexp" 2380
"C:/UE5/Unreal Projects/TheLostPirate/Content/AdvancedLocomotionV4/Blueprints/UI/ALS_HUD.uasset" 2381
"C:/UE5/Unreal Projects/TheLostPirate/Content/AdvancedLocomotionV4/Blueprints/UI/ALS_HUD.uexp" 2382
"C:/UE5/Unreal Projects/TheLostPirate/Content/AdvancedLocomotionV4/Blueprints/CharacterLogic/ALS_Player_Controller.uasset" 2383
"C:/UE5/Unreal Projects/TheLostPirate/Content/AdvancedLocomotionV4/Blueprints/CharacterLogic/ALS_Player_Controller.uexp" 2384
"C:/UE5/Unreal Projects/TheLostPirate/Content/AdvancedLocomotionV4/Blueprints/GameModes/ALS_GameMode_SP.uasset" 2385
"C:/UE5/Unreal Projects/TheLostPirate/Content/AdvancedLocomotionV4/Blueprints/GameModes/ALS_GameMode_SP.uexp" 2386
"C:/UE5/Unreal Projects/TheLostPirate/Content/AncientTreasures/Textures/Unique/TX_CoinMaterial_01d_ALB.ubulk" 2387
"C:/UE5/Unreal Projects/TheLostPirate/Content/AncientTreasures/Textures/Unique/TX_CoinMaterial_01d_ALB.uasset" 2388
"C:/UE5/Unreal Projects/TheLostPirate/Content/AncientTreasures/Textures/Unique/TX_CoinMaterial_01d_ALB.uexp" 2389
"C:/UE5/Unreal Projects/TheLostPirate/Content/AncientTreasures/Textures/Unique/TX_Coins_01a_RMA.ubulk" 2390
"C:/UE5/Unreal Projects/TheLostPirate/Content/AncientTreasures/Textures/Unique/TX_Coins_01a_RMA.uasset" 2391
"C:/UE5/Unreal Projects/TheLostPirate/Content/AncientTreasures/Textures/Unique/TX_Coins_01a_RMA.uexp" 2392
"C:/UE5/Unreal Projects/TheLostPirate/Content/AncientTreasures/Materials/Instances/MI_CoinMaterial_01g.uasset" 2393
"C:/UE5/Unreal Projects/TheLostPirate/Content/AncientTreasures/Materials/Instances/MI_CoinMaterial_01g.uexp" 2394
"C:/UE5/Unreal Projects/TheLostPirate/Content/AncientTreasures/Meshes/SM_CoinMaterial_01e.ubulk" 2395
"C:/UE5/Unreal Projects/TheLostPirate/Content/AncientTreasures/Meshes/SM_CoinMaterial_01e.uasset" 2396
"C:/UE5/Unreal Projects/TheLostPirate/Content/AncientTreasures/Meshes/SM_CoinMaterial_01e.uexp" 2397
"C:/UE5/Unreal Projects/TheLostPirate/Content/AncientTreasures/Meshes/SM_ClayPot_03b.ubulk" 2398
"C:/UE5/Unreal Projects/TheLostPirate/Content/AncientTreasures/Meshes/SM_ClayPot_03b.uasset" 2399
"C:/UE5/Unreal Projects/TheLostPirate/Content/AncientTreasures/Meshes/SM_ClayPot_03b.uexp" 2400
"C:/UE5/Unreal Projects/TheLostPirate/Content/SecretWin/p3.uasset" 2401
"C:/UE5/Unreal Projects/TheLostPirate/Content/SecretWin/p3.uexp" 2402
"C:/UE5/Unreal Projects/TheLostPirate/Content/SecretWin/p3_Mat.uasset" 2403
"C:/UE5/Unreal Projects/TheLostPirate/Content/SecretWin/p3_Mat.uexp" 2404
"C:/UE5/Unreal Projects/TheLostPirate/Content/SoundTrackTheme/TesourosTheme.ubulk" 2405
"C:/UE5/Unreal Projects/TheLostPirate/Content/SoundTrackTheme/TesourosTheme.uasset" 2406
"C:/UE5/Unreal Projects/TheLostPirate/Content/SoundTrackTheme/TesourosTheme.uexp" 2407
"C:/UE5/Unreal Projects/TheLostPirate/Content/AncientTreasures/Meshes/SM_Pearls_01a.ubulk" 2408
"C:/UE5/Unreal Projects/TheLostPirate/Content/AncientTreasures/Meshes/SM_Pearls_01a.uasset" 2409
"C:/UE5/Unreal Projects/TheLostPirate/Content/AncientTreasures/Meshes/SM_Pearls_01a.uexp" 2410
"C:/UE5/Unreal Projects/TheLostPirate/Content/AncientTreasures/Meshes/SM_Coin_Pile_01a.ubulk" 2411
"C:/UE5/Unreal Projects/TheLostPirate/Content/AncientTreasures/Meshes/SM_Coin_Pile_01a.uasset" 2412
"C:/UE5/Unreal Projects/TheLostPirate/Content/AncientTreasures/Meshes/SM_Coin_Pile_01a.uexp" 2413
"C:/UE5/Unreal Projects/TheLostPirate/Content/AncientTreasures/Meshes/SM_Bangle_02a.ubulk" 2414
"C:/UE5/Unreal Projects/TheLostPirate/Content/AncientTreasures/Meshes/SM_Bangle_02a.uasset" 2415
"C:/UE5/Unreal Projects/TheLostPirate/Content/AncientTreasures/Meshes/SM_Bangle_02a.uexp" 2416
"C:/UE5/Unreal Projects/TheLostPirate/Content/AncientTreasures/Meshes/SM_Bangle_01f.ubulk" 2417
"C:/UE5/Unreal Projects/TheLostPirate/Content/AncientTreasures/Meshes/SM_Bangle_01f.uasset" 2418
"C:/UE5/Unreal Projects/TheLostPirate/Content/AncientTreasures/Meshes/SM_Bangle_01f.uexp" 2419
"C:/UE5/Unreal Projects/TheLostPirate/Content/AncientTreasures/Meshes/SM_Necklace_01b.ubulk" 2420
"C:/UE5/Unreal Projects/TheLostPirate/Content/AncientTreasures/Meshes/SM_Necklace_01b.uasset" 2421
"C:/UE5/Unreal Projects/TheLostPirate/Content/AncientTreasures/Meshes/SM_Necklace_01b.uexp" 2422
"C:/UE5/Unreal Projects/TheLostPirate/Content/AncientTreasures/Textures/Unique/TX_OrnateChest_01a_ALB.ubulk" 2423
"C:/UE5/Unreal Projects/TheLostPirate/Content/AncientTreasures/Textures/Unique/TX_OrnateChest_01a_ALB.uasset" 2424
"C:/UE5/Unreal Projects/TheLostPirate/Content/AncientTreasures/Textures/Unique/TX_OrnateChest_01a_ALB.uexp" 2425
"C:/UE5/Unreal Projects/TheLostPirate/Content/AncientTreasures/Textures/Unique/TX_OrnateChest_01a_NRM.ubulk" 2426
"C:/UE5/Unreal Projects/TheLostPirate/Content/AncientTreasures/Textures/Unique/TX_OrnateChest_01a_NRM.uasset" 2427
"C:/UE5/Unreal Projects/TheLostPirate/Content/AncientTreasures/Textures/Unique/TX_OrnateChest_01a_NRM.uexp" 2428
"C:/UE5/Unreal Projects/TheLostPirate/Content/AncientTreasures/Textures/Unique/TX_OrnateChest_01a_RMA.ubulk" 2429
"C:/UE5/Unreal Projects/TheLostPirate/Content/AncientTreasures/Textures/Unique/TX_OrnateChest_01a_RMA.uasset" 2430
"C:/UE5/Unreal Projects/TheLostPirate/Content/AncientTreasures/Textures/Unique/TX_OrnateChest_01a_RMA.uexp" 2431
"C:/UE5/Unreal Projects/TheLostPirate/Content/AncientTreasures/Materials/Instances/MI_OrnateChest_01a.uasset" 2432
"C:/UE5/Unreal Projects/TheLostPirate/Content/AncientTreasures/Materials/Instances/MI_OrnateChest_01a.uexp" 2433
"C:/UE5/Unreal Projects/TheLostPirate/Content/AncientTreasures/Meshes/SM_OrnateChest_01b.ubulk" 2434
"C:/UE5/Unreal Projects/TheLostPirate/Content/AncientTreasures/Meshes/SM_OrnateChest_01b.uasset" 2435
"C:/UE5/Unreal Projects/TheLostPirate/Content/AncientTreasures/Meshes/SM_OrnateChest_01b.uexp" 2436
"C:/UE5/Unreal Projects/TheLostPirate/Content/AncientTreasures/Textures/Unique/TX_WaterPot_01a_NRM.ubulk" 2437
"C:/UE5/Unreal Projects/TheLostPirate/Content/AncientTreasures/Textures/Unique/TX_WaterPot_01a_NRM.uasset" 2438
"C:/UE5/Unreal Projects/TheLostPirate/Content/AncientTreasures/Textures/Unique/TX_WaterPot_01a_NRM.uexp" 2439
"C:/UE5/Unreal Projects/TheLostPirate/Content/AncientTreasures/Textures/Unique/TX_WaterPot_01a_RMA.ubulk" 2440
"C:/UE5/Unreal Projects/TheLostPirate/Content/AncientTreasures/Textures/Unique/TX_WaterPot_01a_RMA.uasset" 2441
"C:/UE5/Unreal Projects/TheLostPirate/Content/AncientTreasures/Textures/Unique/TX_WaterPot_01a_RMA.uexp" 2442
"C:/UE5/Unreal Projects/TheLostPirate/Content/AncientTreasures/Textures/Unique/TX_WaterPot_01a_ALB.ubulk" 2443
"C:/UE5/Unreal Projects/TheLostPirate/Content/AncientTreasures/Textures/Unique/TX_WaterPot_01a_ALB.uasset" 2444
"C:/UE5/Unreal Projects/TheLostPirate/Content/AncientTreasures/Textures/Unique/TX_WaterPot_01a_ALB.uexp" 2445
"C:/UE5/Unreal Projects/TheLostPirate/Content/AncientTreasures/Materials/Instances/MI_WaterPot_01a.uasset" 2446
"C:/UE5/Unreal Projects/TheLostPirate/Content/AncientTreasures/Materials/Instances/MI_WaterPot_01a.uexp" 2447
"C:/UE5/Unreal Projects/TheLostPirate/Content/AncientTreasures/Meshes/SM_WaterPot_01a.ubulk" 2448
"C:/UE5/Unreal Projects/TheLostPirate/Content/AncientTreasures/Meshes/SM_WaterPot_01a.uasset" 2449
"C:/UE5/Unreal Projects/TheLostPirate/Content/AncientTreasures/Meshes/SM_WaterPot_01a.uexp" 2450
"C:/UE5/Unreal Projects/TheLostPirate/Content/AncientTreasures/Meshes/SM_Bangle_01d.ubulk" 2451
"C:/UE5/Unreal Projects/TheLostPirate/Content/AncientTreasures/Meshes/SM_Bangle_01d.uasset" 2452
"C:/UE5/Unreal Projects/TheLostPirate/Content/AncientTreasures/Meshes/SM_Bangle_01d.uexp" 2453
"C:/UE5/Unreal Projects/TheLostPirate/Content/AncientTreasures/Textures/Unique/TX_Statue_01a_RMA.ubulk" 2454
"C:/UE5/Unreal Projects/TheLostPirate/Content/AncientTreasures/Textures/Unique/TX_Statue_01a_RMA.uasset" 2455
"C:/UE5/Unreal Projects/TheLostPirate/Content/AncientTreasures/Textures/Unique/TX_Statue_01a_RMA.uexp" 2456
"C:/UE5/Unreal Projects/TheLostPirate/Content/AncientTreasures/Textures/Unique/TX_Statue_01a_NRM.ubulk" 2457
"C:/UE5/Unreal Projects/TheLostPirate/Content/AncientTreasures/Textures/Unique/TX_Statue_01a_NRM.uasset" 2458
"C:/UE5/Unreal Projects/TheLostPirate/Content/AncientTreasures/Textures/Unique/TX_Statue_01a_NRM.uexp" 2459
"C:/UE5/Unreal Projects/TheLostPirate/Content/AncientTreasures/Textures/Unique/TX_Statue_01a_ALB.ubulk" 2460
"C:/UE5/Unreal Projects/TheLostPirate/Content/AncientTreasures/Textures/Unique/TX_Statue_01a_ALB.uasset" 2461
"C:/UE5/Unreal Projects/TheLostPirate/Content/AncientTreasures/Textures/Unique/TX_Statue_01a_ALB.uexp" 2462
"C:/UE5/Unreal Projects/TheLostPirate/Content/AncientTreasures/Materials/Instances/MI_Statue_01a.uasset" 2463
"C:/UE5/Unreal Projects/TheLostPirate/Content/AncientTreasures/Materials/Instances/MI_Statue_01a.uexp" 2464
"C:/UE5/Unreal Projects/TheLostPirate/Content/AncientTreasures/Meshes/SM_Statue_01a.ubulk" 2465
"C:/UE5/Unreal Projects/TheLostPirate/Content/AncientTreasures/Meshes/SM_Statue_01a.uasset" 2466
"C:/UE5/Unreal Projects/TheLostPirate/Content/AncientTreasures/Meshes/SM_Statue_01a.uexp" 2467
"C:/UE5/Unreal Projects/TheLostPirate/Content/AncientTreasures/Textures/Utility/TX_LUT_01a.uasset" 2468
"C:/UE5/Unreal Projects/TheLostPirate/Content/AncientTreasures/Textures/Utility/TX_LUT_01a.uexp" 2469
"C:/UE5/Unreal Projects/TheLostPirate/Content/AncientTreasures/Textures/Unique/TX_Statue_02a_RMA.ubulk" 2470
"C:/UE5/Unreal Projects/TheLostPirate/Content/AncientTreasures/Textures/Unique/TX_Statue_02a_RMA.uasset" 2471
"C:/UE5/Unreal Projects/TheLostPirate/Content/AncientTreasures/Textures/Unique/TX_Statue_02a_RMA.uexp" 2472
"C:/UE5/Unreal Projects/TheLostPirate/Content/AncientTreasures/Textures/Unique/TX_Statue_02a_NRM.ubulk" 2473
"C:/UE5/Unreal Projects/TheLostPirate/Content/AncientTreasures/Textures/Unique/TX_Statue_02a_NRM.uasset" 2474
"C:/UE5/Unreal Projects/TheLostPirate/Content/AncientTreasures/Textures/Unique/TX_Statue_02a_NRM.uexp" 2475
"C:/UE5/Unreal Projects/TheLostPirate/Content/AncientTreasures/Textures/Unique/TX_Statue_02a_ALB.ubulk" 2476
"C:/UE5/Unreal Projects/TheLostPirate/Content/AncientTreasures/Textures/Unique/TX_Statue_02a_ALB.uasset" 2477
"C:/UE5/Unreal Projects/TheLostPirate/Content/AncientTreasures/Textures/Unique/TX_Statue_02a_ALB.uexp" 2478
"C:/UE5/Unreal Projects/TheLostPirate/Content/AncientTreasures/Materials/Instances/MI_Statue_02a.uasset" 2479
"C:/UE5/Unreal Projects/TheLostPirate/Content/AncientTreasures/Materials/Instances/MI_Statue_02a.uexp" 2480
"C:/UE5/Unreal Projects/TheLostPirate/Content/AncientTreasures/Meshes/SM_Statue_02a.ubulk" 2481
"C:/UE5/Unreal Projects/TheLostPirate/Content/AncientTreasures/Meshes/SM_Statue_02a.uasset" 2482
"C:/UE5/Unreal Projects/TheLostPirate/Content/AncientTreasures/Meshes/SM_Statue_02a.uexp" 2483
"C:/UE5/Unreal Projects/TheLostPirate/Content/AncientTreasures/Meshes/SM_Bangle_02g.ubulk" 2484
"C:/UE5/Unreal Projects/TheLostPirate/Content/AncientTreasures/Meshes/SM_Bangle_02g.uasset" 2485
"C:/UE5/Unreal Projects/TheLostPirate/Content/AncientTreasures/Meshes/SM_Bangle_02g.uexp" 2486
"C:/UE5/Unreal Projects/TheLostPirate/Content/AncientTreasures/M_Wall.uasset" 2487
"C:/UE5/Unreal Projects/TheLostPirate/Content/AncientTreasures/M_Wall.uexp" 2488
"C:/UE5/Unreal Projects/TheLostPirate/Content/AncientTreasures/M_Wall_Inst.uasset" 2489
"C:/UE5/Unreal Projects/TheLostPirate/Content/AncientTreasures/M_Wall_Inst.uexp" 2490
"C:/UE5/Unreal Projects/TheLostPirate/Content/AncientTreasures/Textures/Unique/TX_Bowl_01a_ALB.ubulk" 2491
"C:/UE5/Unreal Projects/TheLostPirate/Content/AncientTreasures/Textures/Unique/TX_Bowl_01a_ALB.uasset" 2492
"C:/UE5/Unreal Projects/TheLostPirate/Content/AncientTreasures/Textures/Unique/TX_Bowl_01a_ALB.uexp" 2493
"C:/UE5/Unreal Projects/TheLostPirate/Content/AncientTreasures/Textures/Unique/TX_Bowl_01a_RMA.ubulk" 2494
"C:/UE5/Unreal Projects/TheLostPirate/Content/AncientTreasures/Textures/Unique/TX_Bowl_01a_RMA.uasset" 2495
"C:/UE5/Unreal Projects/TheLostPirate/Content/AncientTreasures/Textures/Unique/TX_Bowl_01a_RMA.uexp" 2496
"C:/UE5/Unreal Projects/TheLostPirate/Content/AncientTreasures/Textures/Unique/TX_Bowl_01a_NRM.ubulk" 2497
"C:/UE5/Unreal Projects/TheLostPirate/Content/AncientTreasures/Textures/Unique/TX_Bowl_01a_NRM.uasset" 2498
"C:/UE5/Unreal Projects/TheLostPirate/Content/AncientTreasures/Textures/Unique/TX_Bowl_01a_NRM.uexp" 2499
"C:/UE5/Unreal Projects/TheLostPirate/Content/AncientTreasures/Materials/Instances/MI_Bowl_01a.uasset" 2500
"C:/UE5/Unreal Projects/TheLostPirate/Content/AncientTreasures/Materials/Instances/MI_Bowl_01a.uexp" 2501
"C:/UE5/Unreal Projects/TheLostPirate/Content/AncientTreasures/Meshes/SM_Bowl_01a.ubulk" 2502
"C:/UE5/Unreal Projects/TheLostPirate/Content/AncientTreasures/Meshes/SM_Bowl_01a.uasset" 2503
"C:/UE5/Unreal Projects/TheLostPirate/Content/AncientTreasures/Meshes/SM_Bowl_01a.uexp" 2504
"C:/UE5/Unreal Projects/TheLostPirate/Content/AncientTreasures/Meshes/SM_Coin_Pile_01b.ubulk" 2505
"C:/UE5/Unreal Projects/TheLostPirate/Content/AncientTreasures/Meshes/SM_Coin_Pile_01b.uasset" 2506
"C:/UE5/Unreal Projects/TheLostPirate/Content/AncientTreasures/Meshes/SM_Coin_Pile_01b.uexp" 2507
"C:/UE5/Unreal Projects/TheLostPirate/Content/AncientTreasures/Meshes/SM_Bangle_01e.ubulk" 2508
"C:/UE5/Unreal Projects/TheLostPirate/Content/AncientTreasures/Meshes/SM_Bangle_01e.uasset" 2509
"C:/UE5/Unreal Projects/TheLostPirate/Content/AncientTreasures/Meshes/SM_Bangle_01e.uexp" 2510
"C:/UE5/Unreal Projects/TheLostPirate/Content/AncientTreasures/Meshes/SM_Bangle_01b.ubulk" 2511
"C:/UE5/Unreal Projects/TheLostPirate/Content/AncientTreasures/Meshes/SM_Bangle_01b.uasset" 2512
"C:/UE5/Unreal Projects/TheLostPirate/Content/AncientTreasures/Meshes/SM_Bangle_01b.uexp" 2513
"C:/UE5/Unreal Projects/TheLostPirate/Content/AncientTreasures/Materials/Masters/MM_PP_Sharpen_01a.uasset" 2514
"C:/UE5/Unreal Projects/TheLostPirate/Content/AncientTreasures/Materials/Masters/MM_PP_Sharpen_01a.uexp" 2515
"C:/UE5/Unreal Projects/TheLostPirate/Content/AncientTreasures/Textures/Unique/TX_Chalice_01a_NRM.ubulk" 2516
"C:/UE5/Unreal Projects/TheLostPirate/Content/AncientTreasures/Textures/Unique/TX_Chalice_01a_NRM.uasset" 2517
"C:/UE5/Unreal Projects/TheLostPirate/Content/AncientTreasures/Textures/Unique/TX_Chalice_01a_NRM.uexp" 2518
"C:/UE5/Unreal Projects/TheLostPirate/Content/AncientTreasures/Textures/Unique/TX_Chalice_01a_RMA.ubulk" 2519
"C:/UE5/Unreal Projects/TheLostPirate/Content/AncientTreasures/Textures/Unique/TX_Chalice_01a_RMA.uasset" 2520
"C:/UE5/Unreal Projects/TheLostPirate/Content/AncientTreasures/Textures/Unique/TX_Chalice_01a_RMA.uexp" 2521
"C:/UE5/Unreal Projects/TheLostPirate/Content/AncientTreasures/Textures/Unique/TX_Chalice_01a_ALB.ubulk" 2522
"C:/UE5/Unreal Projects/TheLostPirate/Content/AncientTreasures/Textures/Unique/TX_Chalice_01a_ALB.uasset" 2523
"C:/UE5/Unreal Projects/TheLostPirate/Content/AncientTreasures/Textures/Unique/TX_Chalice_01a_ALB.uexp" 2524
"C:/UE5/Unreal Projects/TheLostPirate/Content/AncientTreasures/Materials/Instances/MI_Chalice_01.uasset" 2525
"C:/UE5/Unreal Projects/TheLostPirate/Content/AncientTreasures/Materials/Instances/MI_Chalice_01.uexp" 2526
"C:/UE5/Unreal Projects/TheLostPirate/Content/AncientTreasures/Meshes/SM_Chalice_01a.ubulk" 2527
"C:/UE5/Unreal Projects/TheLostPirate/Content/AncientTreasures/Meshes/SM_Chalice_01a.uasset" 2528
"C:/UE5/Unreal Projects/TheLostPirate/Content/AncientTreasures/Meshes/SM_Chalice_01a.uexp" 2529
"C:/UE5/Unreal Projects/TheLostPirate/Content/AncientTreasures/Textures/Unique/TX_Helmet_01a_ALB.ubulk" 2530
"C:/UE5/Unreal Projects/TheLostPirate/Content/AncientTreasures/Textures/Unique/TX_Helmet_01a_ALB.uasset" 2531
"C:/UE5/Unreal Projects/TheLostPirate/Content/AncientTreasures/Textures/Unique/TX_Helmet_01a_ALB.uexp" 2532
"C:/UE5/Unreal Projects/TheLostPirate/Content/AncientTreasures/Textures/Unique/TX_Helmet_01a_RMA.ubulk" 2533
"C:/UE5/Unreal Projects/TheLostPirate/Content/AncientTreasures/Textures/Unique/TX_Helmet_01a_RMA.uasset" 2534
"C:/UE5/Unreal Projects/TheLostPirate/Content/AncientTreasures/Textures/Unique/TX_Helmet_01a_RMA.uexp" 2535
"C:/UE5/Unreal Projects/TheLostPirate/Content/AncientTreasures/Textures/Unique/TX_Helmet_01a_NRM.ubulk" 2536
"C:/UE5/Unreal Projects/TheLostPirate/Content/AncientTreasures/Textures/Unique/TX_Helmet_01a_NRM.uasset" 2537
"C:/UE5/Unreal Projects/TheLostPirate/Content/AncientTreasures/Textures/Unique/TX_Helmet_01a_NRM.uexp" 2538
"C:/UE5/Unreal Projects/TheLostPirate/Content/AncientTreasures/Materials/Instances/MI_Helmet_01a.uasset" 2539
"C:/UE5/Unreal Projects/TheLostPirate/Content/AncientTreasures/Materials/Instances/MI_Helmet_01a.uexp" 2540
"C:/UE5/Unreal Projects/TheLostPirate/Content/AncientTreasures/Meshes/SM_Helmet_01a.ubulk" 2541
"C:/UE5/Unreal Projects/TheLostPirate/Content/AncientTreasures/Meshes/SM_Helmet_01a.uasset" 2542
"C:/UE5/Unreal Projects/TheLostPirate/Content/AncientTreasures/Meshes/SM_Helmet_01a.uexp" 2543
"C:/UE5/Unreal Projects/TheLostPirate/Content/AncientTreasures/Textures/Unique/TX_GoldBar_02a_ALB.ubulk" 2544
"C:/UE5/Unreal Projects/TheLostPirate/Content/AncientTreasures/Textures/Unique/TX_GoldBar_02a_ALB.uasset" 2545
"C:/UE5/Unreal Projects/TheLostPirate/Content/AncientTreasures/Textures/Unique/TX_GoldBar_02a_ALB.uexp" 2546
"C:/UE5/Unreal Projects/TheLostPirate/Content/AncientTreasures/Textures/Unique/TX_GoldBar_02a_NRM.ubulk" 2547
"C:/UE5/Unreal Projects/TheLostPirate/Content/AncientTreasures/Textures/Unique/TX_GoldBar_02a_NRM.uasset" 2548
"C:/UE5/Unreal Projects/TheLostPirate/Content/AncientTreasures/Textures/Unique/TX_GoldBar_02a_NRM.uexp" 2549
"C:/UE5/Unreal Projects/TheLostPirate/Content/AncientTreasures/Textures/Unique/TX_GoldBar_02a_RMA.ubulk" 2550
"C:/UE5/Unreal Projects/TheLostPirate/Content/AncientTreasures/Textures/Unique/TX_GoldBar_02a_RMA.uasset" 2551
"C:/UE5/Unreal Projects/TheLostPirate/Content/AncientTreasures/Textures/Unique/TX_GoldBar_02a_RMA.uexp" 2552
"C:/UE5/Unreal Projects/TheLostPirate/Content/AncientTreasures/Materials/Instances/MI_GoldBar_01a.uasset" 2553
"C:/UE5/Unreal Projects/TheLostPirate/Content/AncientTreasures/Materials/Instances/MI_GoldBar_01a.uexp" 2554
"C:/UE5/Unreal Projects/TheLostPirate/Content/AncientTreasures/Meshes/SM_GoldBar_01a.ubulk" 2555
"C:/UE5/Unreal Projects/TheLostPirate/Content/AncientTreasures/Meshes/SM_GoldBar_01a.uasset" 2556
"C:/UE5/Unreal Projects/TheLostPirate/Content/AncientTreasures/Meshes/SM_GoldBar_01a.uexp" 2557
"C:/UE5/Unreal Projects/TheLostPirate/Content/AdvancedLocomotionV4/Levels/ALS_DemoLevel.uexp" 2558
"C:/UE5/Unreal Projects/TheLostPirate/Content/AdvancedLocomotionV4/Levels/ALS_DemoLevel.umap" 2559
"../../../Engine/Content/Maps/Entry_BuiltData.uasset" 2560
"../../../Engine/Content/Maps/Entry_BuiltData.uexp" 2561
"../../../Engine/Content/Maps/Entry.uexp" 2562
"../../../Engine/Content/Maps/Entry.umap" 2563
